id,code,name,account_type,type_currency,status,balance,date_modification,date_creation,changed,quantitative,subject_account,full_name,check_excess_balance,created_by
700393,0000,Остатки,Транзитный,Только в базовой валюте,Активный,Да,18.03.2025 11:50:48,29.05.2024 19:41:03,Юсупов Феурз,Нет,0000. Остатки,0000. Остатки,Да,System
700080,0110,Земля,Активный,Все валюты,Активный,Да,29.05.2024 19:41:03,29.05.2024 19:41:03,System,Нет,0100. СЧЕТА УЧЕТА ОСНОВНЫХ СРЕДСТВ,0110. Земля,Да,System
700081,0111,Благоустройство земли,Активный,Все валюты,Активный,Да,29.05.2024 19:41:03,29.05.2024 19:41:03,System,Нет,0100. СЧЕТА УЧЕТА ОСНОВНЫХ СРЕДСТВ,0111. Благоустройство земли,Да,System
700082,0112,"Благоустройство основных средств, полученных по договору долгосрочной аренды",Активный,Все валюты,Активный,Да,29.05.2024 19:41:03,29.05.2024 19:41:03,System,Нет,0100. СЧЕТА УЧЕТА ОСНОВНЫХ СРЕДСТВ,"0112. Благоустройство основных средств, полученных по договору долгосрочной аренды",Да,System
700083,0120,"Здания, сооружения и передаточные устройства",Активный,Все валюты,Активный,Да,29.05.2024 19:41:03,29.05.2024 19:41:03,System,Нет,0100. СЧЕТА УЧЕТА ОСНОВНЫХ СРЕДСТВ,"0120. Здания, сооружения и передаточные устройства",Да,System
700084,0130,Машины и оборудование,Активный,Все валюты,Активный,Да,29.05.2024 19:41:03,29.05.2024 19:41:03,System,Нет,0100. СЧЕТА УЧЕТА ОСНОВНЫХ СРЕДСТВ,0130. Машины и оборудование,Да,System
700085,0140,Мебель и офисное оборудование,Активный,Все валюты,Активный,Да,29.05.2024 19:41:03,29.05.2024 19:41:03,System,Нет,0100. СЧЕТА УЧЕТА ОСНОВНЫХ СРЕДСТВ,0140. Мебель и офисное оборудование,Да,System
700086,0150,Компьютерное оборудование и вычислительная техника,Активный,Все валюты,Активный,Да,29.05.2024 19:41:03,29.05.2024 19:41:03,System,Нет,0100. СЧЕТА УЧЕТА ОСНОВНЫХ СРЕДСТВ,0150. Компьютерное оборудование и вычислительная техника,Да,System
700087,0160,Легковые транспортные средства,Активный,Все валюты,Активный,Да,29.05.2024 19:41:03,29.05.2024 19:41:03,System,Нет,0100. СЧЕТА УЧЕТА ОСНОВНЫХ СРЕДСТВ,0160. Легковые транспортные средства,Да,System
700088,0170,Рабочий и продуктивный скот,Активный,Все валюты,Активный,Да,29.05.2024 19:41:03,29.05.2024 19:41:03,System,Нет,0100. СЧЕТА УЧЕТА ОСНОВНЫХ СРЕДСТВ,0170. Рабочий и продуктивный скот,Да,System
700089,0180,Многолетние насаждения,Активный,Все валюты,Активный,Да,29.05.2024 19:41:03,29.05.2024 19:41:03,System,Нет,0100. СЧЕТА УЧЕТА ОСНОВНЫХ СРЕДСТВ,0180. Многолетние насаждения,Да,System
700090,0190,Прочие основные средства,Активный,Все валюты,Активный,Да,29.05.2024 19:41:03,29.05.2024 19:41:03,System,Нет,0100. СЧЕТА УЧЕТА ОСНОВНЫХ СРЕДСТВ,0190. Прочие основные средства,Да,System
700091,0199,Законсервированные основные средства,Активный,Все валюты,Активный,Да,29.05.2024 19:41:03,29.05.2024 19:41:03,System,Нет,0100. СЧЕТА УЧЕТА ОСНОВНЫХ СРЕДСТВ,0199. Законсервированные основные средства,Да,System
700092,0211,Износ благоустройства земли,Контр - пассивный,Все валюты,Активный,Да,29.05.2024 19:41:03,29.05.2024 19:41:03,System,Нет,0200. СЧЕТА УЧЕТА ИЗНОСА ОСНОВНЫХ СРЕДСТВ,0211. Износ благоустройства земли,Да,System
700093,0212,"Износ благоустройства основных средств, полученных по договору долгосрочной аренды",Контр - пассивный,Все валюты,Активный,Да,29.05.2024 19:41:03,29.05.2024 19:41:03,System,Нет,0200. СЧЕТА УЧЕТА ИЗНОСА ОСНОВНЫХ СРЕДСТВ,"0212. Износ благоустройства основных средств, полученных по договору долгосрочной аренды",Да,System
700094,0220,"Износ зданий, сооружений и передаточных устройств",Контр - пассивный,Все валюты,Активный,Да,29.05.2024 19:41:03,29.05.2024 19:41:03,System,Нет,0200. СЧЕТА УЧЕТА ИЗНОСА ОСНОВНЫХ СРЕДСТВ,"0220. Износ зданий, сооружений и передаточных устройств",Да,System
700095,0230,Износ машин и оборудования,Контр - пассивный,Все валюты,Активный,Да,29.05.2024 19:41:03,29.05.2024 19:41:03,System,Нет,0200. СЧЕТА УЧЕТА ИЗНОСА ОСНОВНЫХ СРЕДСТВ,0230. Износ машин и оборудования,Да,System
700096,0240,Износ мебели и офисного оборудования,Контр - пассивный,Все валюты,Активный,Да,29.05.2024 19:41:03,29.05.2024 19:41:03,System,Нет,0200. СЧЕТА УЧЕТА ИЗНОСА ОСНОВНЫХ СРЕДСТВ,0240. Износ мебели и офисного оборудования,Да,System
700097,0250,Износ компьютерного оборудования и вычислительной техники,Контр - пассивный,Все валюты,Активный,Да,29.05.2024 19:41:03,29.05.2024 19:41:03,System,Нет,0200. СЧЕТА УЧЕТА ИЗНОСА ОСНОВНЫХ СРЕДСТВ,0250. Износ компьютерного оборудования и вычислительной техники,Да,System
700098,0260,Износ транспортных средств,Контр - пассивный,Все валюты,Активный,Да,29.05.2024 19:41:03,29.05.2024 19:41:03,System,Нет,0200. СЧЕТА УЧЕТА ИЗНОСА ОСНОВНЫХ СРЕДСТВ,0260. Износ транспортных средств,Да,System
700099,0270,Износ рабочего скота,Контр - пассивный,Все валюты,Активный,Да,29.05.2024 19:41:03,29.05.2024 19:41:03,System,Нет,0200. СЧЕТА УЧЕТА ИЗНОСА ОСНОВНЫХ СРЕДСТВ,0270. Износ рабочего скота,Да,System
700100,0280,Износ многолетних насаждений,Контр - пассивный,Все валюты,Активный,Да,29.05.2024 19:41:03,29.05.2024 19:41:03,System,Нет,0200. СЧЕТА УЧЕТА ИЗНОСА ОСНОВНЫХ СРЕДСТВ,0280. Износ многолетних насаждений,Да,System
700101,0290,Износ прочих основных средств,Контр - пассивный,Все валюты,Активный,Да,29.05.2024 19:41:03,29.05.2024 19:41:03,System,Нет,0200. СЧЕТА УЧЕТА ИЗНОСА ОСНОВНЫХ СРЕДСТВ,0290. Износ прочих основных средств,Да,System
700102,0299,"Износ основных средств, полученных по договору долгосрочной аренды",Контр - пассивный,Все валюты,Активный,Да,29.05.2024 19:41:03,29.05.2024 19:41:03,System,Нет,0200. СЧЕТА УЧЕТА ИЗНОСА ОСНОВНЫХ СРЕДСТВ,"0299. Износ основных средств, полученных по договору долгосрочной аренды",Да,System
700103,0310,"Основные средства, полученные по договору долгосрочной аренды",Активный,Все валюты,Активный,Да,29.05.2024 19:41:03,29.05.2024 19:41:03,System,Нет,"0300. СЧЕТА УЧЕТА ОСНОВНЫХ СРЕДСТВ, ПОЛУЧЕННЫХ ПО ДОГОВОРУ ДОЛГОСРОЧНОЙ АРЕНДЫ","0310. Основные средства, полученные по договору долгосрочной аренды",Да,System
700104,0410,"Патенты, лицензии и ноу-хау",Активный,Все валюты,Активный,Да,29.05.2024 19:41:03,29.05.2024 19:41:03,System,Нет,0400. СЧЕТА УЧЕТА НЕМАТЕРИАЛЬНЫХ АКТИВОВ,"0410. Патенты, лицензии и ноу-хау",Да,System
700105,0420,"Торговые марки, товарные знаки и промышленные образцы",Активный,Все валюты,Активный,Да,29.05.2024 19:41:03,29.05.2024 19:41:03,System,Нет,0400. СЧЕТА УЧЕТА НЕМАТЕРИАЛЬНЫХ АКТИВОВ,"0420. Торговые марки, товарные знаки и промышленные образцы",Да,System
700106,0430,Программное обеспечение,Активный,Все валюты,Активный,Да,29.05.2024 19:41:03,29.05.2024 19:41:03,System,Нет,0400. СЧЕТА УЧЕТА НЕМАТЕРИАЛЬНЫХ АКТИВОВ,0430. Программное обеспечение,Да,System
700107,0440,Права пользования землей и природными ресурсами,Активный,Все валюты,Активный,Да,29.05.2024 19:41:03,29.05.2024 19:41:03,System,Нет,0400. СЧЕТА УЧЕТА НЕМАТЕРИАЛЬНЫХ АКТИВОВ,0440. Права пользования землей и природными ресурсами,Да,System
700108,0450,Организационные расходы,Активный,Все валюты,Активный,Да,29.05.2024 19:41:03,29.05.2024 19:41:03,System,Нет,0400. СЧЕТА УЧЕТА НЕМАТЕРИАЛЬНЫХ АКТИВОВ,0450. Организационные расходы,Да,System
700109,0460,Франчайз,Активный,Все валюты,Активный,Да,29.05.2024 19:41:03,29.05.2024 19:41:03,System,Нет,0400. СЧЕТА УЧЕТА НЕМАТЕРИАЛЬНЫХ АКТИВОВ,0460. Франчайз,Да,System
700110,0470,Авторские права,Активный,Все валюты,Активный,Да,29.05.2024 19:41:03,29.05.2024 19:41:03,System,Нет,0400. СЧЕТА УЧЕТА НЕМАТЕРИАЛЬНЫХ АКТИВОВ,0470. Авторские права,Да,System
700111,0480,Гудвилл,Активный,Все валюты,Активный,Да,29.05.2024 19:41:03,29.05.2024 19:41:03,System,Нет,0400. СЧЕТА УЧЕТА НЕМАТЕРИАЛЬНЫХ АКТИВОВ,0480. Гудвилл,Да,System
700112,0490,Прочие нематериальные активы,Активный,Все валюты,Активный,Да,29.05.2024 19:41:03,29.05.2024 19:41:03,System,Нет,0400. СЧЕТА УЧЕТА НЕМАТЕРИАЛЬНЫХ АКТИВОВ,0490. Прочие нематериальные активы,Да,System
700113,0510,"Амортизация патентов, лицензий и ноу-хау",Контр - пассивный,Все валюты,Активный,Да,29.05.2024 19:41:03,29.05.2024 19:41:03,System,Нет,0500. СЧЕТА УЧЕТА АМОРТИЗАЦИИ НЕМАТЕРИАЛЬНЫХ АКТИВОВ,"0510. Амортизация патентов, лицензий и ноу-хау",Да,System
700114,0520,"Амортизация торговых марок, товарных знаков и промышленных образцов",Контр - пассивный,Все валюты,Активный,Да,29.05.2024 19:41:03,29.05.2024 19:41:03,System,Нет,0500. СЧЕТА УЧЕТА АМОРТИЗАЦИИ НЕМАТЕРИАЛЬНЫХ АКТИВОВ,"0520. Амортизация торговых марок, товарных знаков и промышленных образцов",Да,System
700115,0530,Амортизация программного обеспечения,Контр - пассивный,Все валюты,Активный,Да,29.05.2024 19:41:03,29.05.2024 19:41:03,System,Нет,0500. СЧЕТА УЧЕТА АМОРТИЗАЦИИ НЕМАТЕРИАЛЬНЫХ АКТИВОВ,0530. Амортизация программного обеспечения,Да,System
700116,0540,Амортизация прав пользования землей и природными ресурсами,Контр - пассивный,Все валюты,Активный,Да,29.05.2024 19:41:03,29.05.2024 19:41:03,System,Нет,0500. СЧЕТА УЧЕТА АМОРТИЗАЦИИ НЕМАТЕРИАЛЬНЫХ АКТИВОВ,0540. Амортизация прав пользования землей и природными ресурсами,Да,System
700117,0550,Амортизация организационных расходов,Контр - пассивный,Все валюты,Активный,Да,29.05.2024 19:41:03,29.05.2024 19:41:03,System,Нет,0500. СЧЕТА УЧЕТА АМОРТИЗАЦИИ НЕМАТЕРИАЛЬНЫХ АКТИВОВ,0550. Амортизация организационных расходов,Да,System
700118,0560,Амортизация франчайза,Контр - пассивный,Все валюты,Активный,Да,29.05.2024 19:41:03,29.05.2024 19:41:03,System,Нет,0500. СЧЕТА УЧЕТА АМОРТИЗАЦИИ НЕМАТЕРИАЛЬНЫХ АКТИВОВ,0560. Амортизация франчайза,Да,System
700119,0570,Амортизация авторских прав,Контр - пассивный,Все валюты,Активный,Да,29.05.2024 19:41:03,29.05.2024 19:41:03,System,Нет,0500. СЧЕТА УЧЕТА АМОРТИЗАЦИИ НЕМАТЕРИАЛЬНЫХ АКТИВОВ,0570. Амортизация авторских прав,Да,System
700120,0590,Амортизация прочих нематериальных активов,Контр - пассивный,Все валюты,Активный,Да,29.05.2024 19:41:03,29.05.2024 19:41:03,System,Нет,0500. СЧЕТА УЧЕТА АМОРТИЗАЦИИ НЕМАТЕРИАЛЬНЫХ АКТИВОВ,0590. Амортизация прочих нематериальных активов,Да,System
700121,0610,Ценные бумаги,Активный,Все валюты,Активный,Да,29.05.2024 19:41:03,29.05.2024 19:41:03,System,Нет,0600. СЧЕТА УЧЕТА ДОЛГОСРОЧНЫХ ИНВЕСТИЦИЙ,0610. Ценные бумаги,Да,System
700122,0620,Инвестиции в дочерние хозяйственные общества,Активный,Все валюты,Активный,Да,29.05.2024 19:41:03,29.05.2024 19:41:03,System,Нет,0600. СЧЕТА УЧЕТА ДОЛГОСРОЧНЫХ ИНВЕСТИЦИЙ,0620. Инвестиции в дочерние хозяйственные общества,Да,System
700123,0630,Инвестиции в зависимые хозяйственные общества,Активный,Все валюты,Активный,Да,29.05.2024 19:41:03,29.05.2024 19:41:03,System,Нет,0600. СЧЕТА УЧЕТА ДОЛГОСРОЧНЫХ ИНВЕСТИЦИЙ,0630. Инвестиции в зависимые хозяйственные общества,Да,System
700124,0640,Инвестиции в предприятие с иностранным капиталом,Активный,Все валюты,Активный,Да,29.05.2024 19:41:03,29.05.2024 19:41:03,System,Нет,0600. СЧЕТА УЧЕТА ДОЛГОСРОЧНЫХ ИНВЕСТИЦИЙ,0640. Инвестиции в предприятие с иностранным капиталом,Да,System
700125,0690,Прочие долгосрочные инвестиции,Активный,Все валюты,Активный,Да,29.05.2024 19:41:03,29.05.2024 19:41:03,System,Нет,0600. СЧЕТА УЧЕТА ДОЛГОСРОЧНЫХ ИНВЕСТИЦИЙ,0690. Прочие долгосрочные инвестиции,Да,System
700126,0710,Оборудование к установке - отечественное,Активный,Все валюты,Активный,Да,29.05.2024 19:41:03,29.05.2024 19:41:03,System,Нет,0700. СЧЕТА УЧЕТА ОБОРУДОВАНИЯ К УСТАНОВКЕ,0710. Оборудование к установке - отечественное,Да,System
700127,0720,Оборудование к установке - импортное,Активный,Все валюты,Активный,Да,29.05.2024 19:41:03,29.05.2024 19:41:03,System,Нет,0700. СЧЕТА УЧЕТА ОБОРУДОВАНИЯ К УСТАНОВКЕ,0720. Оборудование к установке - импортное,Да,System
700128,0810,Незавершенное строительство,Активный,Все валюты,Активный,Да,29.05.2024 19:41:03,29.05.2024 19:41:03,System,Нет,0800. СЧЕТА УЧЕТА КАПИТАЛЬНЫХ ВЛОЖЕНИЙ,0810. Незавершенное строительство,Да,System
700129,0820,Приобретение основных средств,Активный,Все валюты,Активный,Да,29.05.2024 19:41:03,29.05.2024 19:41:03,System,Нет,0800. СЧЕТА УЧЕТА КАПИТАЛЬНЫХ ВЛОЖЕНИЙ,0820. Приобретение основных средств,Да,System
700130,0830,Приобретение нематериальных активов,Активный,Все валюты,Активный,Да,29.05.2024 19:41:03,29.05.2024 19:41:03,System,Нет,0800. СЧЕТА УЧЕТА КАПИТАЛЬНЫХ ВЛОЖЕНИЙ,0830. Приобретение нематериальных активов,Да,System
700131,0840,Формирование основного стада,Активный,Все валюты,Активный,Да,29.05.2024 19:41:03,29.05.2024 19:41:03,System,Нет,0800. СЧЕТА УЧЕТА КАПИТАЛЬНЫХ ВЛОЖЕНИЙ,0840. Формирование основного стада,Да,System
700132,0850,Капитальные вложения в благоустройство земли,Активный,Все валюты,Активный,Да,29.05.2024 19:41:03,29.05.2024 19:41:03,System,Нет,0800. СЧЕТА УЧЕТА КАПИТАЛЬНЫХ ВЛОЖЕНИЙ,0850. Капитальные вложения в благоустройство земли,Да,System
700133,0860,"Капитальные вложения в основные средства, полученные по договору долгосрочной аренды",Активный,Все валюты,Активный,Да,29.05.2024 19:41:03,29.05.2024 19:41:03,System,Нет,0800. СЧЕТА УЧЕТА КАПИТАЛЬНЫХ ВЛОЖЕНИЙ,"0860. Капитальные вложения в основные средства, полученные по договору долгосрочной аренды",Да,System
700134,0890,Прочие капитальные вложения,Активный,Все валюты,Активный,Да,29.05.2024 19:41:03,29.05.2024 19:41:03,System,Нет,0800. СЧЕТА УЧЕТА КАПИТАЛЬНЫХ ВЛОЖЕНИЙ,0890. Прочие капитальные вложения,Да,System
700135,0910,Векселя полученные,Активный,Все валюты,Активный,Да,29.05.2024 19:41:03,29.05.2024 19:41:03,System,Нет,0900. СЧЕТА УЧЕТА ДОЛГОСРОЧНОЙ ДЕБИТОРСКОЙ ЗАДОЛЖЕННОСТИ И ОТСРОЧЕННЫХ РАСХОДОВ,0910. Векселя полученные,Да,System
700136,0920,Платежи к получению по долгосрочной аренде,Активный,Все валюты,Активный,Да,29.05.2024 19:41:03,29.05.2024 19:41:03,System,Нет,0900. СЧЕТА УЧЕТА ДОЛГОСРОЧНОЙ ДЕБИТОРСКОЙ ЗАДОЛЖЕННОСТИ И ОТСРОЧЕННЫХ РАСХОДОВ,0920. Платежи к получению по долгосрочной аренде,Да,System
700137,0930,Долгосрочная задолженность персонала,Активный,Все валюты,Активный,Да,29.05.2024 19:41:03,29.05.2024 19:41:03,System,Нет,0900. СЧЕТА УЧЕТА ДОЛГОСРОЧНОЙ ДЕБИТОРСКОЙ ЗАДОЛЖЕННОСТИ И ОТСРОЧЕННЫХ РАСХОДОВ,0930. Долгосрочная задолженность персонала,Да,System
700138,0940,Прочая долгосрочная дебиторская задолженность,Активный,Все валюты,Активный,Да,29.05.2024 19:41:03,29.05.2024 19:41:03,System,Нет,0900. СЧЕТА УЧЕТА ДОЛГОСРОЧНОЙ ДЕБИТОРСКОЙ ЗАДОЛЖЕННОСТИ И ОТСРОЧЕННЫХ РАСХОДОВ,0940. Прочая долгосрочная дебиторская задолженность,Да,System
700139,0950,Отсроченный налог на доход (прибыль) по временным разницам,Активный,Все валюты,Активный,Да,29.05.2024 19:41:03,29.05.2024 19:41:03,System,Нет,0900. СЧЕТА УЧЕТА ДОЛГОСРОЧНОЙ ДЕБИТОРСКОЙ ЗАДОЛЖЕННОСТИ И ОТСРОЧЕННЫХ РАСХОДОВ,0950. Отсроченный налог на доход (прибыль) по временным разницам,Да,System
700140,0960,Долгосрочные отсроченные расходы по дисконтам (скидкам),Активный,Все валюты,Активный,Да,29.05.2024 19:41:03,29.05.2024 19:41:03,System,Нет,0900. СЧЕТА УЧЕТА ДОЛГОСРОЧНОЙ ДЕБИТОРСКОЙ ЗАДОЛЖЕННОСТИ И ОТСРОЧЕННЫХ РАСХОДОВ,0960. Долгосрочные отсроченные расходы по дисконтам (скидкам),Да,System
700141,0990,Прочие долгосрочные отсроченные расходы,Активный,Все валюты,Активный,Да,29.05.2024 19:41:03,29.05.2024 19:41:03,System,Нет,0900. СЧЕТА УЧЕТА ДОЛГОСРОЧНОЙ ДЕБИТОРСКОЙ ЗАДОЛЖЕННОСТИ И ОТСРОЧЕННЫХ РАСХОДОВ,0990. Прочие долгосрочные отсроченные расходы,Да,System
700142,1010,Сырье и материалы,Активный,Все валюты,Активный,Да,29.05.2024 19:41:03,29.05.2024 19:41:03,System,Да,1000. СЧЕТА УЧЕТА МАТЕРИАЛОВ,1010. Сырье и материалы,Да,System
700395,1011,Сырье и материалы в пути,Активный,Все валюты,Активный,Да,29.05.2024 19:41:03,29.05.2024 19:41:03,System,Да,1000. СЧЕТА УЧЕТА МАТЕРИАЛОВ,1011. Сырье и материалы в пути,Да,System
700397,1012,Заказанные материалы на складах в пути,Активный,Все валюты,Активный,Да,29.05.2024 19:41:03,29.05.2024 19:41:03,System,Да,1000. СЧЕТА УЧЕТА МАТЕРИАЛОВ,1012. Заказанные материалы на складах в пути,Да,System
700410,1017,Сырье и материалы в пути,Активный,Все валюты,Активный,Да,29.05.2024 19:41:03,29.05.2024 19:41:03,System,Да,2900. СЧЕТА УЧЕТА ТОВАРОВ,1017. Сырье и материалы в пути,Да,System
700143,1020,Покупные полуфабрикаты и комплектующие изделия,Активный,Все валюты,Активный,Да,29.05.2024 19:41:03,29.05.2024 19:41:03,System,Да,1000. СЧЕТА УЧЕТА МАТЕРИАЛОВ,1020. Покупные полуфабрикаты и комплектующие изделия,Да,System
700144,1030,Топливо,Активный,Все валюты,Активный,Да,29.05.2024 19:41:03,29.05.2024 19:41:03,System,Да,1000. СЧЕТА УЧЕТА МАТЕРИАЛОВ,1030. Топливо,Да,System
700145,1040,Запасные части,Активный,Все валюты,Активный,Да,29.05.2024 19:41:03,29.05.2024 19:41:03,System,Да,1000. СЧЕТА УЧЕТА МАТЕРИАЛОВ,1040. Запасные части,Да,System
700413,1041,Запасные части на складах в пути,Активный,Все валюты,Активный,Да,29.05.2024 19:41:03,29.05.2024 19:41:03,System,Да,1000. СЧЕТА УЧЕТА МАТЕРИАЛОВ,1041. Запасные части на складах в пути,Да,System
700414,1042,Заказанные запасные части в пути,Активный,Все валюты,Активный,Да,29.05.2024 19:41:03,29.05.2024 19:41:03,System,Да,1000. СЧЕТА УЧЕТА МАТЕРИАЛОВ,1042. Заказанные запасные части в пути,Да,System
700415,1043,Запасные части в пути,Активный,Все валюты,Активный,Да,29.05.2024 19:41:03,29.05.2024 19:41:03,System,Да,1000. СЧЕТА УЧЕТА МАТЕРИАЛОВ,1043. Запасные части в пути,Да,System
700146,1050,Строительные материалы,Активный,Все валюты,Активный,Да,29.05.2024 19:41:03,29.05.2024 19:41:03,System,Да,1000. СЧЕТА УЧЕТА МАТЕРИАЛОВ,1050. Строительные материалы,Да,System
700147,1060,Тара и тарные материалы,Активный,Все валюты,Активный,Да,29.05.2024 19:41:03,29.05.2024 19:41:03,System,Да,1000. СЧЕТА УЧЕТА МАТЕРИАЛОВ,1060. Тара и тарные материалы,Да,System
700148,1070,"Материалы, переданные в переработку на сторону",Активный,Все валюты,Активный,Да,29.05.2024 19:41:03,29.05.2024 19:41:03,System,Да,1000. СЧЕТА УЧЕТА МАТЕРИАЛОВ,"1070. Материалы, переданные в переработку на сторону",Да,System
700149,1080,Инвентарь и хозяйственные принадлежности,Активный,Все валюты,Активный,Да,29.05.2024 19:41:03,29.05.2024 19:41:03,System,Да,1000. СЧЕТА УЧЕТА МАТЕРИАЛОВ,1080. Инвентарь и хозяйственные принадлежности,Да,System
700400,1081,"Счет для учета оборудования полученного от поставщика, но пока не оприходованного на складе (в пути к владельцу)",Активный,Все валюты,Активный,Да,29.05.2024 19:41:03,29.05.2024 19:41:03,System,Да,1000. СЧЕТА УЧЕТА МАТЕРИАЛОВ,"1081. Счет для учета оборудования полученного от поставщика, но пока не оприходованного на складе (в пути к владельцу) ",Да,System
700401,1082,Переданное оборудование клиенту (учет со стороны владельца),Активный,Все валюты,Активный,Да,29.05.2024 19:41:03,29.05.2024 19:41:03,System,Да,1000. СЧЕТА УЧЕТА МАТЕРИАЛОВ,1082. Переданное оборудование клиенту (учет со стороны владельца),Да,System
700402,1085,На транзите к покупателю,Активный,Все валюты,Активный,Да,29.05.2024 19:41:03,29.05.2024 19:41:03,System,Да,1000. СЧЕТА УЧЕТА МАТЕРИАЛОВ,1084. На транзите к покупателю,Да,System
700412,1087,Инвентарь и хозяйственные принадлежности в пути,Активный,Все валюты,Активный,Да,29.05.2024 19:41:03,29.05.2024 19:41:03,System,Да,2900. СЧЕТА УЧЕТА ТОВАРОВ,1087. Инвентарь и хозяйственные принадлежности в пути,Да,System
700150,1090,Прочие материалы,Активный,Все валюты,Активный,Да,29.05.2024 19:41:03,29.05.2024 19:41:03,System,Да,1000. СЧЕТА УЧЕТА МАТЕРИАЛОВ,1090. Прочие материалы,Да,System
700151,1110,Животные на выращивании,Активный,Все валюты,Активный,Да,29.05.2024 19:41:03,29.05.2024 19:41:03,System,Нет,1100. СЧЕТА УЧЕТА ЖИВОТНЫХ НА ВЫРАЩИВАНИИ И ОТКОРМЕ,1110. Животные на выращивании,Да,System
700152,1120,Животные на откорме,Активный,Все валюты,Активный,Да,29.05.2024 19:41:03,29.05.2024 19:41:03,System,Нет,1100. СЧЕТА УЧЕТА ЖИВОТНЫХ НА ВЫРАЩИВАНИИ И ОТКОРМЕ,1120. Животные на откорме,Да,System
700153,1510,Заготовление и приобретение материалов,Активный,Все валюты,Активный,Да,29.05.2024 19:41:03,29.05.2024 19:41:03,System,Нет,1500. СЧЕТА УЧЕТА  ЗАГОТОВЛЕНИЯ И ПРИОБРЕТЕНИЯ МАТЕРИАЛОВ,1510. Заготовление и приобретение материалов,Да,System
700154,1610,Отклонения в стоимости материалов,Активный,Все валюты,Активный,Да,29.05.2024 19:41:03,29.05.2024 19:41:03,System,Нет,1600. СЧЕТА УЧЕТА ОТКЛОНЕНИЙ В СТОИМОСТИ МАТЕРИАЛОВ,1610. Отклонения в стоимости материалов,Да,System
700391,1620,ТМЦ на списание по корректировке,Активный,Только в базовой валюте,Активный,Да,29.05.2024 19:41:03,29.05.2024 19:41:03,System,Нет,1600. СЧЕТА УЧЕТА ОТКЛОНЕНИЙ В СТОИМОСТИ МАТЕРИАЛОВ,1620. ТМЦ на списание по корректировке,Да,System
700390,1630,ТМЦ на списание,Активный,Только в базовой валюте,Активный,Да,29.05.2024 19:41:03,29.05.2024 19:41:03,System,Нет,1600. СЧЕТА УЧЕТА ОТКЛОНЕНИЙ В СТОИМОСТИ МАТЕРИАЛОВ,1630. ТМЦ на списание,Да,System
700155,2010,Основное производство,Активный,Все валюты,Активный,Да,29.05.2024 19:41:03,29.05.2024 19:41:03,System,Нет,2000. СЧЕТА УЧЕТА ОСНОВНОГО ПРОИЗВОДСТВА,2010. Основное производство,Да,System
700156,2110,Полуфабрикаты собственного производства,Активный,Все валюты,Активный,Да,29.05.2024 19:41:03,29.05.2024 19:41:03,System,Да,2100. СЧЕТА УЧЕТА ПОЛУФАБРИКАТОВ СОБСТВЕННОГО ПРОИЗВОДСТВА,2110. Полуфабрикаты собственного производства,Да,System
700157,2140,Полуфабрикаты по плановой себестоимости,Активный,Все валюты,Активный,Да,29.05.2024 19:41:03,29.05.2024 19:41:03,System,Да,2100. СЧЕТА УЧЕТА ПОЛУФАБРИКАТОВ СОБСТВЕННОГО ПРОИЗВОДСТВА,2140. Полуфабрикаты по плановой себестоимости,Да,System
700158,2310,Вспомогательное производство,Активный,Все валюты,Активный,Да,29.05.2024 19:41:03,29.05.2024 19:41:03,System,Нет,2300. СЧЕТА УЧЕТА ВСПОМОГАТЕЛЬНЫХ ПРОИЗВОДСТВ,2310. Вспомогательное производство,Да,System
700159,2510,Общепроизводственные расходы,Активный,Все валюты,Активный,Да,29.05.2024 19:41:03,29.05.2024 19:41:03,System,Нет,2500. СЧЕТА УЧЕТА ОБЩЕПРОИЗВОДСТВЕННЫХ РАСХОДОВ,2510. Общепроизводственные расходы,Да,System
700160,2610,Брак в производстве,Активный,Все валюты,Активный,Да,29.05.2024 19:41:03,29.05.2024 19:41:03,System,Нет,2600. СЧЕТА УЧЕТА БРАКА В ПРОИЗВОДСТВЕ,2610. Брак в производстве,Да,System
700161,2710,Обслуживающие хозяйства,Активный,Все валюты,Активный,Да,29.05.2024 19:41:03,29.05.2024 19:41:03,System,Нет,2700. СЧЕТА УЧЕТА ОБСЛУЖИВАЮЩИХ ХОЗЯЙСТВ,2710. Обслуживающие хозяйства,Да,System
700162,2810,Готовая продукция на складе,Активный,Все валюты,Активный,Да,29.05.2024 19:41:03,29.05.2024 19:41:03,System,Да,2800. СЧЕТА УЧЕТА ГОТОВОЙ ПРОДУКЦИИ,2810. Готовая продукция на складе,Да,System
700398,2812,Заказанные сырье на складах в пути,Активный,Все валюты,Активный,Да,29.05.2024 19:41:03,29.05.2024 19:41:03,System,Да,2800. СЧЕТА УЧЕТА ГОТОВОЙ ПРОДУКЦИИ,2812. Заказанные сырье на складах в пути,Да,System
700163,2820,Готовая продукция на выставке,Активный,Все валюты,Активный,Да,29.05.2024 19:41:03,29.05.2024 19:41:03,System,Да,2800. СЧЕТА УЧЕТА ГОТОВОЙ ПРОДУКЦИИ,2820. Готовая продукция на выставке,Да,System
700164,2830,"Готовая продукция, переданная на комиссию",Активный,Все валюты,Активный,Да,29.05.2024 19:41:03,29.05.2024 19:41:03,System,Да,2800. СЧЕТА УЧЕТА ГОТОВОЙ ПРОДУКЦИИ,"2830. Готовая продукция, переданная на комиссию",Да,System
700165,2840,Готовая продукция по плановой себестоимости,Активный,Все валюты,Активный,Да,29.05.2024 19:41:03,29.05.2024 19:41:03,System,Да,2800. СЧЕТА УЧЕТА ГОТОВОЙ ПРОДУКЦИИ,2840. Готовая продукция по плановой себестоимости,Да,System
700411,2870,Готовая продукция в пути,Активный,Все валюты,Активный,Да,29.05.2024 19:41:03,29.05.2024 19:41:03,System,Да,2900. СЧЕТА УЧЕТА ТОВАРОВ,2870. Готовая продукция в пути,Да,System
700166,2910,Товары на складах,Активный,Все валюты,Активный,Да,16.07.2025 15:49:51,29.05.2024 19:41:03,Юсупов Феурз,Да,2900. СЧЕТА УЧЕТА ТОВАРОВ,2910. Товары на складах,Да,System
700394,2911,Товары на складах в пути,Активный,Все валюты,Активный,Да,05.12.2024 17:33:44,29.05.2024 19:41:03,Юсупов Феурз,Да,2900. СЧЕТА УЧЕТА ТОВАРОВ,2911. Товары на складах в пути,Да,System
700399,2912,Заказанные товары на складах в пути,Активный,Все валюты,Активный,Да,29.05.2024 19:41:03,29.05.2024 19:41:03,System,Да,2900. СЧЕТА УЧЕТА ТОВАРОВ,2912. Заказанные товары на складах в пути,Да,System
700167,2920,Товары в розничной торговле,Активный,Все валюты,Активный,Да,29.05.2024 19:41:03,29.05.2024 19:41:03,System,Да,2900. СЧЕТА УЧЕТА ТОВАРОВ,2920. Товары в розничной торговле,Да,System
700168,2930,Товары на выставке,Активный,Все валюты,Активный,Да,29.05.2024 19:41:03,29.05.2024 19:41:03,System,Да,2900. СЧЕТА УЧЕТА ТОВАРОВ,2930. Товары на выставке,Да,System
700169,2940,Предметы проката,Активный,Все валюты,Активный,Да,29.05.2024 19:41:03,29.05.2024 19:41:03,System,Да,2900. СЧЕТА УЧЕТА ТОВАРОВ,2940. Предметы проката,Да,System
700170,2950,Тара под товаром в оптовой торговле,Активный,Все валюты,Активный,Да,29.05.2024 19:41:03,29.05.2024 19:41:03,System,Да,2900. СЧЕТА УЧЕТА ТОВАРОВ,2950. Тара под товаром в оптовой торговле,Да,System
700171,2952,Порожняя тара в розничной торговле,Активный,Все валюты,Активный,Да,29.05.2024 19:41:03,29.05.2024 19:41:03,System,Да,2900. СЧЕТА УЧЕТА ТОВАРОВ,2952. Порожняя тара в розничной торговле,Да,System
700172,2960,"Товары, переданные на комиссию",Активный,Все валюты,Активный,Да,29.05.2024 19:41:03,29.05.2024 19:41:03,System,Да,2900. СЧЕТА УЧЕТА ТОВАРОВ,"2960. Товары, переданные на комиссию",Да,System
700173,2970,Товары в пути,Активный,Все валюты,Активный,Да,29.05.2024 19:41:03,29.05.2024 19:41:03,System,Да,2900. СЧЕТА УЧЕТА ТОВАРОВ,2970. Товары в пути,Да,System
700174,2980,Торговая наценка,Контр - пассивный,Все валюты,Активный,Да,29.05.2024 19:41:03,29.05.2024 19:41:03,System,Да,2900. СЧЕТА УЧЕТА ТОВАРОВ,2980. Торговая наценка,Да,System
700175,2990,Прочие товары,Активный,Все валюты,Активный,Да,29.05.2024 19:41:03,29.05.2024 19:41:03,System,Да,2900. СЧЕТА УЧЕТА ТОВАРОВ,2990. Прочие товары,Да,System
700176,3110,Предоплаченная аренда,Активный,Все валюты,Активный,Да,29.05.2024 19:41:03,29.05.2024 19:41:03,System,Нет,3100. СЧЕТА УЧЕТА РАСХОДОВ БУДУЩИХ ПЕРИОДОВ,3110. Предоплаченная аренда,Да,System
700177,3120,Предоплаченные услуги,Активный,Все валюты,Активный,Да,29.05.2024 19:41:03,29.05.2024 19:41:03,System,Нет,3100. СЧЕТА УЧЕТА РАСХОДОВ БУДУЩИХ ПЕРИОДОВ,3120. Предоплаченные услуги,Да,System
700178,3190,Предоплаченная подписка на периодические издания,Активный,Все валюты,Активный,Да,29.05.2024 19:41:03,29.05.2024 19:41:03,System,Нет,3100. СЧЕТА УЧЕТА РАСХОДОВ БУДУЩИХ ПЕРИОДОВ,3190. Предоплаченная подписка на периодические издания,Да,System
700179,3210,Отсроченный налог на доход (прибыль) по временным разницам,Активный,Все валюты,Активный,Да,29.05.2024 19:41:03,29.05.2024 19:41:03,System,Нет,3200. СЧЕТА УЧЕТА ОТСРОЧЕННЫХ РАСХОДОВ,3210. Отсроченный налог на доход (прибыль) по временным разницам,Да,System
700180,3220,Отсроченные расходы по дисконтам (скидкам),Активный,Все валюты,Активный,Да,29.05.2024 19:41:03,29.05.2024 19:41:03,System,Нет,3200. СЧЕТА УЧЕТА ОТСРОЧЕННЫХ РАСХОДОВ,3220. Отсроченные расходы по дисконтам (скидкам),Да,System
700181,3290,Прочие отсроченные расходы,Активный,Все валюты,Активный,Да,29.05.2024 19:41:03,29.05.2024 19:41:03,System,Нет,3200. СЧЕТА УЧЕТА ОТСРОЧЕННЫХ РАСХОДОВ,3290. Прочие отсроченные расходы,Да,System
700182,4010,Счета к получению от покупателей и заказчиков,Активный,Все валюты,Активный,Да,05.12.2024 17:33:08,29.05.2024 19:41:03,Юсупов Феурз,Нет,4000. СЧЕТА К ПОЛУЧЕНИЮ,4010. Счета к получению от покупателей и заказчиков,Да,System
700183,4020,Векселя полученные,Активный,Все валюты,Активный,Да,29.05.2024 19:41:03,29.05.2024 19:41:03,System,Нет,4000. СЧЕТА К ПОЛУЧЕНИЮ,4020. Векселя полученные,Да,System
700379,4090,Счета к получению от покупателей и заказчиков(долгосрочный),Активный,Все валюты,Активный,Да,29.05.2024 19:41:03,29.05.2024 19:41:03,System,Нет,4000. СЧЕТА К ПОЛУЧЕНИЮ,4090. Счета к получению от покупателей и заказчиков(долгосрочный),Да,System
700184,4110,Счета к получению от обособленных подразделений,Активный,Все валюты,Активный,Да,29.05.2024 19:41:03,29.05.2024 19:41:03,System,Нет,"4100. СЧЕТА К ПОЛУЧЕНИЮ ОТ ОБОСОБЛЕННЫХ ПОДРАЗДЕЛЕНИЙ, ДОЧЕРНИХ И ЗАВИСИМЫХ ХОЗЯЙСТВЕННЫХ ОБЩЕСТВ",4110. Счета к получению от обособленных подразделений,Да,System
700185,4120,Счета к получению от дочерних и зависимых хозяйственных обществ,Активный,Все валюты,Активный,Да,29.05.2024 19:41:03,29.05.2024 19:41:03,System,Нет,"4100. СЧЕТА К ПОЛУЧЕНИЮ ОТ ОБОСОБЛЕННЫХ ПОДРАЗДЕЛЕНИЙ, ДОЧЕРНИХ И ЗАВИСИМЫХ ХОЗЯЙСТВЕННЫХ ОБЩЕСТВ",4120. Счета к получению от дочерних и зависимых хозяйственных обществ,Да,System
700186,4210,"Авансы, выданные по оплате труда",Активный,Все валюты,Активный,Да,18.03.2025 11:52:41,29.05.2024 19:41:03,Юсупов Феурз,Нет,"4200. СЧЕТА УЧЕТА АВАНСОВ, ВЫДАННЫХ ПЕРСОНАЛУ","4210. Авансы, выданные по оплате труда",Да,System
700385,4211,"Авансы, выданные по оплате труда (Кредит)",Активный,Все валюты,Активный,Да,29.05.2024 19:41:03,29.05.2024 19:41:03,System,Нет,"4200. СЧЕТА УЧЕТА АВАНСОВ, ВЫДАННЫХ ПЕРСОНАЛУ","4211. Авансы, выданные по оплате труда (Кредит)",Да,System
700187,4220,"Авансы, выданные на служебные командировки",Активный,Все валюты,Активный,Да,29.05.2024 19:41:03,29.05.2024 19:41:03,System,Нет,"4200. СЧЕТА УЧЕТА АВАНСОВ, ВЫДАННЫХ ПЕРСОНАЛУ","4220. Авансы, выданные на служебные командировки",Да,System
700188,4230,"Авансы, выданные на общехозяйственные расходы",Активный,Все валюты,Активный,Да,29.05.2024 19:41:03,29.05.2024 19:41:03,System,Нет,"4200. СЧЕТА УЧЕТА АВАНСОВ, ВЫДАННЫХ ПЕРСОНАЛУ","4230. Авансы, выданные на общехозяйственные расходы",Да,System
700189,4290,"Прочие авансы, выданные персоналу",Активный,Все валюты,Активный,Да,29.05.2024 19:41:03,29.05.2024 19:41:03,System,Нет,"4200. СЧЕТА УЧЕТА АВАНСОВ, ВЫДАННЫХ ПЕРСОНАЛУ","4290. Прочие авансы, выданные персоналу",Да,System
700190,4310,"Авансы, выданные поставщикам и подрядчикам",Активный,Все валюты,Активный,Да,05.12.2024 17:33:26,29.05.2024 19:41:03,Юсупов Феурз,Нет,"4300. СЧЕТА УЧЕТА АВАНСОВ, ВЫДАННЫХ ПОСТАВЩИКАМ И ПОДРЯДЧИКАМ","4310. Авансы, выданные поставщикам и подрядчикам",Да,System
700191,4320,"Авансы, выданные поставщикам и подрядчикам под долгосрочные активы",Активный,Все валюты,Активный,Да,29.05.2024 19:41:03,29.05.2024 19:41:03,System,Нет,"4300. СЧЕТА УЧЕТА АВАНСОВ, ВЫДАННЫХ ПОСТАВЩИКАМ И ПОДРЯДЧИКАМ","4320. Авансы, выданные поставщикам и подрядчикам под долгосрочные активы",Да,System
700192,4330,Прочие авансы выданные,Активный,Все валюты,Активный,Да,29.05.2024 19:41:03,29.05.2024 19:41:03,System,Нет,"4300. СЧЕТА УЧЕТА АВАНСОВ, ВЫДАННЫХ ПОСТАВЩИКАМ И ПОДРЯДЧИКАМ",4330. Прочие авансы выданные,Да,System
700193,4410,Подоходный налог (авансовый платеж),Активный,Все валюты,Активный,Да,29.05.2024 19:41:03,29.05.2024 19:41:03,System,Нет,4400. СЧЕТА УЧЕТА АВАНСОВЫХ ПЛАТЕЖЕЙ В БЮДЖЕТ,4410. Подоходный налог (авансовый платеж),Да,System
700194,4411,Единый налоговый платеж (авансовый платеж),Активный,Все валюты,Активный,Да,29.05.2024 19:41:03,29.05.2024 19:41:03,System,Нет,4400. СЧЕТА УЧЕТА АВАНСОВЫХ ПЛАТЕЖЕЙ В БЮДЖЕТ,4411. Единый налоговый платеж (авансовый платеж),Да,System
700195,4412,Налог на добавленную стоимость (НДС) (авансовый платеж),Активный,Все валюты,Активный,Да,29.05.2024 19:41:03,29.05.2024 19:41:03,System,Нет,4400. СЧЕТА УЧЕТА АВАНСОВЫХ ПЛАТЕЖЕЙ В БЮДЖЕТ,4412. Налог на добавленную стоимость (НДС) (авансовый платеж),Да,System
700196,4413,Налог на имущество (авансовый платеж),Активный,Все валюты,Активный,Да,29.05.2024 19:41:03,29.05.2024 19:41:03,System,Нет,4400. СЧЕТА УЧЕТА АВАНСОВЫХ ПЛАТЕЖЕЙ В БЮДЖЕТ,4413. Налог на имущество (авансовый платеж),Да,System
1041660,4418,Акцизный налог (авансовый платеж),Активный,Все валюты,Активный,Да,24.05.2025 23:14:50,24.05.2025 23:14:50,System,Нет,4400. СЧЕТА УЧЕТА АВАНСОВЫХ ПЛАТЕЖЕЙ В БЮДЖЕТ,4418. Акцизный налог (авансовый платеж),Да,System
700197,4510,Авансовые платежи по страхованию,Активный,Все валюты,Активный,Да,29.05.2024 19:41:03,29.05.2024 19:41:03,System,Нет,4500. СЧЕТА УЧЕТА АВАНСОВЫХ ПЛАТЕЖЕЙ В ГОСУДАРСТВЕННЫЕ ЦЕЛЕВЫЕ ФОНДЫ И ПО СТРАХОВАНИЮ,4510. Авансовые платежи по страхованию,Да,System
700198,4520,Платежи в государственные целевые фонды (авансовый платеж),Активный,Все валюты,Активный,Да,29.05.2024 19:41:03,29.05.2024 19:41:03,System,Нет,4500. СЧЕТА УЧЕТА АВАНСОВЫХ ПЛАТЕЖЕЙ В ГОСУДАРСТВЕННЫЕ ЦЕЛЕВЫЕ ФОНДЫ И ПО СТРАХОВАНИЮ,4520. Платежи в государственные целевые фонды (авансовый платеж),Да,System
700199,4521,Отчисления во внебюджетный Пенсионный фонд (авансовый платеж),Активный,Все валюты,Активный,Да,29.05.2024 19:41:03,29.05.2024 19:41:03,System,Нет,4500. СЧЕТА УЧЕТА АВАНСОВЫХ ПЛАТЕЖЕЙ В ГОСУДАРСТВЕННЫЕ ЦЕЛЕВЫЕ ФОНДЫ И ПО СТРАХОВАНИЮ,4521. Отчисления во внебюджетный Пенсионный фонд (авансовый платеж),Да,System
700200,4522,Отчисления в профсоюз (авансовый платеж),Активный,Все валюты,Активный,Да,29.05.2024 19:41:03,29.05.2024 19:41:03,System,Нет,4500. СЧЕТА УЧЕТА АВАНСОВЫХ ПЛАТЕЖЕЙ В ГОСУДАРСТВЕННЫЕ ЦЕЛЕВЫЕ ФОНДЫ И ПО СТРАХОВАНИЮ,4522. Отчисления в профсоюз (авансовый платеж),Да,System
700201,4523,Отчисления в фонд Камолот (авансовый платеж),Активный,Все валюты,Активный,Да,29.05.2024 19:41:03,29.05.2024 19:41:03,System,Нет,4500. СЧЕТА УЧЕТА АВАНСОВЫХ ПЛАТЕЖЕЙ В ГОСУДАРСТВЕННЫЕ ЦЕЛЕВЫЕ ФОНДЫ И ПО СТРАХОВАНИЮ,4523. Отчисления в фонд Камолот (авансовый платеж),Да,System
700202,4524,Единый социальный платеж (авансовый платеж),Активный,Все валюты,Активный,Да,29.05.2024 19:41:03,29.05.2024 19:41:03,System,Нет,4500. СЧЕТА УЧЕТА АВАНСОВЫХ ПЛАТЕЖЕЙ В ГОСУДАРСТВЕННЫЕ ЦЕЛЕВЫЕ ФОНДЫ И ПО СТРАХОВАНИЮ,4524. Единый социальный платеж (авансовый платеж),Да,System
700203,4525,Платежи в Пенсионный фонд (авансовый платеж),Активный,Все валюты,Активный,Да,29.05.2024 19:41:03,29.05.2024 19:41:03,System,Нет,4500. СЧЕТА УЧЕТА АВАНСОВЫХ ПЛАТЕЖЕЙ В ГОСУДАРСТВЕННЫЕ ЦЕЛЕВЫЕ ФОНДЫ И ПО СТРАХОВАНИЮ,4525. Платежи в Пенсионный фонд (авансовый платеж),Да,System
700204,4526,Отчисления в дорожный фонд (авансовый платеж),Активный,Все валюты,Активный,Да,29.05.2024 19:41:03,29.05.2024 19:41:03,System,Нет,4500. СЧЕТА УЧЕТА АВАНСОВЫХ ПЛАТЕЖЕЙ В ГОСУДАРСТВЕННЫЕ ЦЕЛЕВЫЕ ФОНДЫ И ПО СТРАХОВАНИЮ,4526. Отчисления в дорожный фонд (авансовый платеж),Да,System
700205,4527,Отчисления на школьное образование (авансовый платеж),Активный,Все валюты,Активный,Да,29.05.2024 19:41:03,29.05.2024 19:41:03,System,Нет,4500. СЧЕТА УЧЕТА АВАНСОВЫХ ПЛАТЕЖЕЙ В ГОСУДАРСТВЕННЫЕ ЦЕЛЕВЫЕ ФОНДЫ И ПО СТРАХОВАНИЮ,4527. Отчисления на школьное образование (авансовый платеж),Да,System
700206,4530,Отчисления в ИНПС (авансовый платеж),Активный,Все валюты,Активный,Да,29.05.2024 19:41:03,29.05.2024 19:41:03,System,Нет,4500. СЧЕТА УЧЕТА АВАНСОВЫХ ПЛАТЕЖЕЙ В ГОСУДАРСТВЕННЫЕ ЦЕЛЕВЫЕ ФОНДЫ И ПО СТРАХОВАНИЮ,4530. Отчисления в ИНПС (авансовый платеж),Да,System
700207,4610,Задолженность учредителей по вкладам в уставный капитал,Активный,Все валюты,Активный,Да,29.05.2024 19:41:03,29.05.2024 19:41:03,System,Нет,4600. СЧЕТА УЧЕТА ЗАДОЛЖЕННОСТИ УЧРЕДИТЕЛЕЙ ПО ВКЛАДАМ В УСТАВНЫЙ КАПИТАЛ,4610. Задолженность учредителей по вкладам в уставный капитал,Да,System
700208,4710,"Задолженность персонала по товарам, реализованным в кредит",Активный,Все валюты,Активный,Да,29.05.2024 19:41:03,29.05.2024 19:41:03,System,Нет,4700. СЧЕТА УЧЕТА ЗАДОЛЖЕННОСТИ ПЕРСОНАЛА ПО ПРОЧИМ ОПЕРАЦИЯМ,"4710. Задолженность персонала по товарам, реализованным в кредит",Да,System
700209,4720,Задолженность персонала по предоставленным займам,Активный,Все валюты,Активный,Да,29.05.2024 19:41:03,29.05.2024 19:41:03,System,Нет,4700. СЧЕТА УЧЕТА ЗАДОЛЖЕННОСТИ ПЕРСОНАЛА ПО ПРОЧИМ ОПЕРАЦИЯМ,4720. Задолженность персонала по предоставленным займам,Да,System
700210,4730,Задолженность персонала по возмещению материального ущерба,Активный,Все валюты,Активный,Да,29.05.2024 19:41:03,29.05.2024 19:41:03,System,Нет,4700. СЧЕТА УЧЕТА ЗАДОЛЖЕННОСТИ ПЕРСОНАЛА ПО ПРОЧИМ ОПЕРАЦИЯМ,4730. Задолженность персонала по возмещению материального ущерба,Да,System
700211,4790,Прочая задолженность персонала,Активный,Все валюты,Активный,Да,29.05.2024 19:41:03,29.05.2024 19:41:03,System,Нет,4700. СЧЕТА УЧЕТА ЗАДОЛЖЕННОСТИ ПЕРСОНАЛА ПО ПРОЧИМ ОПЕРАЦИЯМ,4790. Прочая задолженность персонала,Да,System
700212,4810,Текущие платежи к получению по долгосрочной аренде,Активный,Все валюты,Активный,Да,29.05.2024 19:41:03,29.05.2024 19:41:03,System,Нет,4800. СЧЕТА УЧЕТА ЗАДОЛЖЕННОСТИ РАЗНЫХ ДЕБИТОРОВ,4810. Текущие платежи к получению по долгосрочной аренде,Да,System
700213,4820,Платежи к получению по краткосрочной аренде,Активный,Все валюты,Активный,Да,29.05.2024 19:41:03,29.05.2024 19:41:03,System,Нет,4800. СЧЕТА УЧЕТА ЗАДОЛЖЕННОСТИ РАЗНЫХ ДЕБИТОРОВ,4820. Платежи к получению по краткосрочной аренде,Да,System
700214,4830,Проценты к получению,Активный,Все валюты,Активный,Да,29.05.2024 19:41:03,29.05.2024 19:41:03,System,Нет,4800. СЧЕТА УЧЕТА ЗАДОЛЖЕННОСТИ РАЗНЫХ ДЕБИТОРОВ,4830. Проценты к получению,Да,System
700215,4840,Дивиденды к получению,Активный,Все валюты,Активный,Да,29.05.2024 19:41:03,29.05.2024 19:41:03,System,Нет,4800. СЧЕТА УЧЕТА ЗАДОЛЖЕННОСТИ РАЗНЫХ ДЕБИТОРОВ,4840. Дивиденды к получению,Да,System
700216,4850,Роялти к получению,Активный,Все валюты,Активный,Да,29.05.2024 19:41:03,29.05.2024 19:41:03,System,Нет,4800. СЧЕТА УЧЕТА ЗАДОЛЖЕННОСТИ РАЗНЫХ ДЕБИТОРОВ,4850. Роялти к получению,Да,System
700217,4860,Счета к получению по претензиям,Активный,Все валюты,Активный,Да,29.05.2024 19:41:03,29.05.2024 19:41:03,System,Нет,4800. СЧЕТА УЧЕТА ЗАДОЛЖЕННОСТИ РАЗНЫХ ДЕБИТОРОВ,4860. Счета к получению по претензиям,Да,System
700218,4890,Задолженность прочих дебиторов,Активный,Все валюты,Активный,Да,05.12.2024 17:33:48,29.05.2024 19:41:03,Юсупов Феурз,Нет,4800. СЧЕТА УЧЕТА ЗАДОЛЖЕННОСТИ РАЗНЫХ ДЕБИТОРОВ,4890. Задолженность прочих дебиторов,Да,System
700219,4910,Резерв по сомнительным долгам,Контр - пассивный,Все валюты,Активный,Да,29.05.2024 19:41:03,29.05.2024 19:41:03,System,Нет,4900. СЧЕТА УЧЕТА РЕЗЕРВА ПО СОМНИТЕЛЬНЫМ ДОЛГАМ,4910. Резерв по сомнительным долгам,Да,System
700220,5010,Денежные средства в национальной валюте,Активный,Все валюты,Активный,Да,14.05.2025 16:22:43,29.05.2024 19:41:03,Юсупов Азизбек,Нет,5000. СЧЕТА УЧЕТА ДЕНЕЖНЫХ СРЕДСТВ В КАССЕ,5010. Денежные средства в национальной валюте,Да,System
700221,5020,Денежные средства в иностранной валюте,Активный,Все валюты,Активный,Да,29.05.2024 19:41:03,29.05.2024 19:41:03,System,Нет,5000. СЧЕТА УЧЕТА ДЕНЕЖНЫХ СРЕДСТВ В КАССЕ,5020. Денежные средства в иностранной валюте,Да,System
700222,5110,Расчетный счет,Активный,Все валюты,Активный,Да,14.05.2025 18:05:28,29.05.2024 19:41:03,Admin,Нет,5100. СЧЕТА УЧЕТА ДЕНЕЖНЫХ СРЕДСТВ НА РАСЧЕТНОМ СЧЕТЕ,5110. Расчетный счет,Да,System
700223,5210,Валютные счета внутри страны,Активный,Все валюты,Активный,Да,29.05.2024 19:41:03,29.05.2024 19:41:03,System,Нет,5200. СЧЕТА УЧЕТА ДЕНЕЖНЫХ СРЕДСТВ В ИНОСТРАННОЙ ВАЛЮТЕ,5210. Валютные счета внутри страны,Да,System
700224,5220,Валютные счета за рубежом,Активный,Все валюты,Активный,Да,29.05.2024 19:41:03,29.05.2024 19:41:03,System,Нет,5200. СЧЕТА УЧЕТА ДЕНЕЖНЫХ СРЕДСТВ В ИНОСТРАННОЙ ВАЛЮТЕ,5220. Валютные счета за рубежом,Да,System
700225,5510,Аккредитивы,Активный,Все валюты,Активный,Да,29.05.2024 19:41:03,29.05.2024 19:41:03,System,Нет,5500. СЧЕТА УЧЕТА ДЕНЕЖНЫХ СРЕДСТВ НА СПЕЦИАЛЬНЫХ СЧЕТАХ В БАНКЕ,5510. Аккредитивы,Да,System
700226,5520,Чековые книжки,Активный,Все валюты,Активный,Да,29.05.2024 19:41:03,29.05.2024 19:41:03,System,Нет,5500. СЧЕТА УЧЕТА ДЕНЕЖНЫХ СРЕДСТВ НА СПЕЦИАЛЬНЫХ СЧЕТАХ В БАНКЕ,5520. Чековые книжки,Да,System
700228,5610,Денежные эквиваленты (по видам),Активный,Все валюты,Активный,Да,29.05.2024 19:41:03,29.05.2024 19:41:03,System,Нет,5600. СЧЕТА УЧЕТА ДЕНЕЖНЫХ ЭКВИВАЛЕНТОВ,5610. Денежные эквиваленты (по видам),Да,System
700229,5710,Денежные средства (переводы) в пути,Активный,Все валюты,Активный,Да,29.05.2024 19:41:03,29.05.2024 19:41:03,System,Нет,5700. СЧЕТА УЧЕТА ДЕНЕЖНЫХ СРЕДСТВ (ПЕРЕВОДОВ) В ПУТИ,5710. Денежные средства (переводы) в пути,Да,System
700383,5711,Терминал,Активный,Все валюты,Активный,Да,29.05.2024 19:41:03,29.05.2024 19:41:03,System,Нет,5700. СЧЕТА УЧЕТА ДЕНЕЖНЫХ СРЕДСТВ (ПЕРЕВОДОВ) В ПУТИ,5711. Терминал,Да,System
700386,5712,Терминал (под отчет),Активный,Все валюты,Активный,Да,29.05.2024 19:41:03,29.05.2024 19:41:03,System,Нет,5700. СЧЕТА УЧЕТА ДЕНЕЖНЫХ СРЕДСТВ (ПЕРЕВОДОВ) В ПУТИ,5712. Терминал (под отчет),Да,System
700230,5810,Ценные бумаги,Активный,Все валюты,Активный,Да,29.05.2024 19:41:03,29.05.2024 19:41:03,System,Нет,5800. СЧЕТА УЧЕТА КРАТКОСРОЧНЫХ ИНВЕСТИЦИЙ,5810. Ценные бумаги,Да,System
700231,5830,Краткосрочные займы выданные,Активный,Все валюты,Активный,Да,29.05.2024 19:41:03,29.05.2024 19:41:03,System,Нет,5800. СЧЕТА УЧЕТА КРАТКОСРОЧНЫХ ИНВЕСТИЦИЙ,5830. Краткосрочные займы выданные,Да,System
700232,5890,Прочие текущие инвестиции,Активный,Все валюты,Активный,Да,29.05.2024 19:41:03,29.05.2024 19:41:03,System,Нет,5800. СЧЕТА УЧЕТА КРАТКОСРОЧНЫХ ИНВЕСТИЦИЙ,5890. Прочие текущие инвестиции,Да,System
700233,5910,Недостачи и потери от порчи ценностей,Активный,Все валюты,Активный,Да,29.05.2024 19:41:03,29.05.2024 19:41:03,System,Нет,5900. СЧЕТА УЧЕТА НЕДОСТАЧ И ПОТЕРЬ ОТ ПОРЧИ ЦЕННОСТЕЙ И ПРОЧИХ ТЕКУЩИХ АКТИВОВ,5910. Недостачи и потери от порчи ценностей,Да,System
700234,5920,Прочие текущие активы,Активный,Все валюты,Активный,Да,29.05.2024 19:41:03,29.05.2024 19:41:03,System,Нет,5900. СЧЕТА УЧЕТА НЕДОСТАЧ И ПОТЕРЬ ОТ ПОРЧИ ЦЕННОСТЕЙ И ПРОЧИХ ТЕКУЩИХ АКТИВОВ,5920. Прочие текущие активы,Да,System
700235,6010,Счета к оплате поставщикам и подрядчикам,Пассивный,Все валюты,Активный,Да,25.11.2024 17:42:57,29.05.2024 19:41:03,Юсупов Феурз,Нет,6000. СЧЕТА К ОПЛАТЕ ПОСТАВЩИКАМ И ПОДРЯДЧИКАМ,6010. Счета к оплате поставщикам и подрядчикам,Да,System
700236,6020,Векселя выданные,Пассивный,Все валюты,Активный,Да,29.05.2024 19:41:03,29.05.2024 19:41:03,System,Нет,6000. СЧЕТА К ОПЛАТЕ ПОСТАВЩИКАМ И ПОДРЯДЧИКАМ,6020. Векселя выданные,Да,System
700237,6110,Счета к оплате обособленным подразделениям,Пассивный,Все валюты,Активный,Да,29.05.2024 19:41:03,29.05.2024 19:41:03,System,Нет,"6100. СЧЕТА К ОПЛАТЕ ОБОСОБЛЕННЫМ ПОДРАЗДЕЛЕНИЯМ, ДОЧЕРНИМ И ЗАВИСИМЫМ ХОЗЯЙСТВЕННЫМ ОБЩЕСТВАМ",6110. Счета к оплате обособленным подразделениям,Да,System
700238,6120,Счета к оплате дочерним и зависимым хозяйственным обществам,Пассивный,Все валюты,Активный,Да,29.05.2024 19:41:03,29.05.2024 19:41:03,System,Нет,"6100. СЧЕТА К ОПЛАТЕ ОБОСОБЛЕННЫМ ПОДРАЗДЕЛЕНИЯМ, ДОЧЕРНИМ И ЗАВИСИМЫМ ХОЗЯЙСТВЕННЫМ ОБЩЕСТВАМ",6120. Счета к оплате дочерним и зависимым хозяйственным обществам,Да,System
700239,6121,Отчисление от членских взносов Республиканской ТПП,Пассивный,Все валюты,Активный,Да,29.05.2024 19:41:03,29.05.2024 19:41:03,System,Нет,"6100. СЧЕТА К ОПЛАТЕ ОБОСОБЛЕННЫМ ПОДРАЗДЕЛЕНИЯМ, ДОЧЕРНИМ И ЗАВИСИМЫМ ХОЗЯЙСТВЕННЫМ ОБЩЕСТВАМ",6121. Отчисление от членских взносов Республиканской ТПП,Да,System
700240,6122,Отчисление Территориальному Управлению от Республиканской Палаты,Пассивный,Все валюты,Активный,Да,29.05.2024 19:41:03,29.05.2024 19:41:03,System,Нет,"6100. СЧЕТА К ОПЛАТЕ ОБОСОБЛЕННЫМ ПОДРАЗДЕЛЕНИЯМ, ДОЧЕРНИМ И ЗАВИСИМЫМ ХОЗЯЙСТВЕННЫМ ОБЩЕСТВАМ",6122. Отчисление Территориальному Управлению от Республиканской Палаты,Да,System
700241,6123,Отчисления Территориальному Управлению от ИКЦ,Пассивный,Все валюты,Активный,Да,29.05.2024 19:41:03,29.05.2024 19:41:03,System,Нет,"6100. СЧЕТА К ОПЛАТЕ ОБОСОБЛЕННЫМ ПОДРАЗДЕЛЕНИЯМ, ДОЧЕРНИМ И ЗАВИСИМЫМ ХОЗЯЙСТВЕННЫМ ОБЩЕСТВАМ",6123. Отчисления Территориальному Управлению от ИКЦ,Да,System
700242,6210,Отсроченные доходы в виде дисконта (скидки),Пассивный,Все валюты,Активный,Да,29.05.2024 19:41:03,29.05.2024 19:41:03,System,Нет,6200. СЧЕТА УЧЕТА ОТСРОЧЕННЫХ ОБЯЗАТЕЛЬСТВ,6210. Отсроченные доходы в виде дисконта (скидки),Да,System
700243,6220,Отсроченные доходы в виде премии (надбавки),Пассивный,Все валюты,Активный,Да,29.05.2024 19:41:03,29.05.2024 19:41:03,System,Нет,6200. СЧЕТА УЧЕТА ОТСРОЧЕННЫХ ОБЯЗАТЕЛЬСТВ,6220. Отсроченные доходы в виде премии (надбавки),Да,System
700244,6230,Прочие отсроченные доходы,Пассивный,Все валюты,Активный,Да,18.03.2025 11:50:57,29.05.2024 19:41:03,Юсупов Феурз,Нет,6200. СЧЕТА УЧЕТА ОТСРОЧЕННЫХ ОБЯЗАТЕЛЬСТВ,6230. Прочие отсроченные доходы,Да,System
700245,6240,Отсроченные обязательства по налогам и обязательным платежам,Пассивный,Все валюты,Активный,Да,29.05.2024 19:41:03,29.05.2024 19:41:03,System,Нет,6200. СЧЕТА УЧЕТА ОТСРОЧЕННЫХ ОБЯЗАТЕЛЬСТВ,6240. Отсроченные обязательства по налогам и обязательным платежам,Да,System
700246,6250,Обязательства по отсроченному налогу на доход (прибыль) по временным разницам,Пассивный,Все валюты,Активный,Да,29.05.2024 19:41:03,29.05.2024 19:41:03,System,Нет,6200. СЧЕТА УЧЕТА ОТСРОЧЕННЫХ ОБЯЗАТЕЛЬСТВ,6250. Обязательства по отсроченному налогу на доход (прибыль) по временным разницам,Да,System
700392,6260,Задолженность по инвентаризации ТМЦ по корректировке,Пассивный,Только в базовой валюте,Активный,Да,29.05.2024 19:41:03,29.05.2024 19:41:03,System,Нет,6200. СЧЕТА УЧЕТА ОТСРОЧЕННЫХ ОБЯЗАТЕЛЬСТВ,6260. Задолженность по инвентаризации ТМЦ по корректировке,Да,System
700247,6290,Прочие отсроченные обязательства,Пассивный,Все валюты,Активный,Да,29.05.2024 19:41:03,29.05.2024 19:41:03,System,Нет,6200. СЧЕТА УЧЕТА ОТСРОЧЕННЫХ ОБЯЗАТЕЛЬСТВ,6290. Прочие отсроченные обязательства,Да,System
700248,6310,"Авансы, полученные от покупателей и заказчиков",Пассивный,Все валюты,Активный,Да,27.01.2025 16:18:44,29.05.2024 19:41:03,Юсупов Феурз,Нет,6300. СЧЕТА УЧЕТА ПОЛУЧЕННЫХ АВАНСОВ,"6310. Авансы, полученные от покупателей и заказчиков",Да,System
700396,6311,"Авансы, Полученные От Покупателей и Заказчиков(Бронь)",Пассивный,Все валюты,Активный,Да,29.05.2024 19:41:03,29.05.2024 19:41:03,System,Нет,6300. СЧЕТА УЧЕТА ПОЛУЧЕННЫХ АВАНСОВ,"6311. Авансы, Полученные От Покупателей и Заказчиков(Бронь)",Да,System
700249,6320,"Авансы, полученные от подписчиков на акции",Пассивный,Все валюты,Активный,Да,29.05.2024 19:41:03,29.05.2024 19:41:03,System,Нет,6300. СЧЕТА УЧЕТА ПОЛУЧЕННЫХ АВАНСОВ,"6320. Авансы, полученные от подписчиков на акции",Да,System
700409,6322,Деньги полученные за сломанное оборудование,Пассивный,Все валюты,Активный,Да,29.05.2024 19:41:03,29.05.2024 19:41:03,System,Нет,6300. СЧЕТА УЧЕТА ПОЛУЧЕННЫХ АВАНСОВ,6322. Деньги полученные за сломанное оборудование,Да,System
700250,6390,Прочие полученные авансы,Пассивный,Все валюты,Активный,Да,29.05.2024 19:41:03,29.05.2024 19:41:03,System,Нет,6300. СЧЕТА УЧЕТА ПОЛУЧЕННЫХ АВАНСОВ,6390. Прочие полученные авансы,Да,System
700251,6410,Подоходный налог,Пассивный,Все валюты,Активный,Да,29.05.2024 19:41:03,29.05.2024 19:41:03,System,Нет,6400. СЧЕТА УЧЕТА ЗАДОЛЖЕННОСТИ ПО ПЛАТЕЖАМ В БЮДЖЕТ,6410. Подоходный налог,Да,System
763380,6410.1,Налог с оборота,Пассивный,Только в базовой валюте,Активный,Нет,05.12.2024 17:33:52,14.08.2024 17:40:30,Юсупов Феурз,Нет,6400. СЧЕТА УЧЕТА ЗАДОЛЖЕННОСТИ ПО ПЛАТЕЖАМ В БЮДЖЕТ,6410.1. Налог с оборота,Да,Нигматуллаев Бобур
700252,6411,Единый налоговый платеж,Пассивный,Все валюты,Активный,Да,29.05.2024 19:41:03,29.05.2024 19:41:03,System,Нет,6400. СЧЕТА УЧЕТА ЗАДОЛЖЕННОСТИ ПО ПЛАТЕЖАМ В БЮДЖЕТ,6411. Единый налоговый платеж,Да,System
700253,6412,Налог на добавленную стоимость (НДС),Пассивный,Все валюты,Активный,Да,29.05.2024 19:41:03,29.05.2024 19:41:03,System,Нет,6400. СЧЕТА УЧЕТА ЗАДОЛЖЕННОСТИ ПО ПЛАТЕЖАМ В БЮДЖЕТ,6412. Налог на добавленную стоимость (НДС),Да,System
700254,6413,Налог на имущество,Пассивный,Все валюты,Активный,Да,29.05.2024 19:41:03,29.05.2024 19:41:03,System,Нет,6400. СЧЕТА УЧЕТА ЗАДОЛЖЕННОСТИ ПО ПЛАТЕЖАМ В БЮДЖЕТ,6413. Налог на имущество,Да,System
700255,6414,Единый земельный налог,Пассивный,Все валюты,Активный,Да,29.05.2024 19:41:03,29.05.2024 19:41:03,System,Нет,6400. СЧЕТА УЧЕТА ЗАДОЛЖЕННОСТИ ПО ПЛАТЕЖАМ В БЮДЖЕТ,6414. Единый земельный налог,Да,System
700256,6417,Земельный налог,Пассивный,Все валюты,Активный,Да,29.05.2024 19:41:03,29.05.2024 19:41:03,System,Нет,6400. СЧЕТА УЧЕТА ЗАДОЛЖЕННОСТИ ПО ПЛАТЕЖАМ В БЮДЖЕТ,6417. Земельный налог,Да,System
700378,6418,Акцизный налог,Пассивный,Все валюты,Активный,Да,29.05.2024 19:41:03,29.05.2024 19:41:03,System,Нет,6400. СЧЕТА УЧЕТА ЗАДОЛЖЕННОСТИ ПО ПЛАТЕЖАМ В БЮДЖЕТ,6418. Акцизный налог,Да,System
700257,6510,Платежи по страхованию,Пассивный,Все валюты,Активный,Да,29.05.2024 19:41:03,29.05.2024 19:41:03,System,Нет,6500. СЧЕТА УЧЕТА ЗАДОЛЖЕННОСТИ ПО СТРАХОВАНИЮ И ПО ПЛАТЕЖАМ В ГОСУДАРСТВЕННЫЕ ЦЕЛЕВЫЕ ФОНДЫ,6510. Платежи по страхованию,Да,System
700258,6520,Платежи в государственные целевые фонды,Пассивный,Все валюты,Активный,Да,29.05.2024 19:41:03,29.05.2024 19:41:03,System,Нет,6500. СЧЕТА УЧЕТА ЗАДОЛЖЕННОСТИ ПО СТРАХОВАНИЮ И ПО ПЛАТЕЖАМ В ГОСУДАРСТВЕННЫЕ ЦЕЛЕВЫЕ ФОНДЫ,6520. Платежи в государственные целевые фонды,Да,System
700259,6521,Отчисления во внебюджетный Пенсионный фонд,Пассивный,Все валюты,Активный,Да,29.05.2024 19:41:03,29.05.2024 19:41:03,System,Нет,6500. СЧЕТА УЧЕТА ЗАДОЛЖЕННОСТИ ПО СТРАХОВАНИЮ И ПО ПЛАТЕЖАМ В ГОСУДАРСТВЕННЫЕ ЦЕЛЕВЫЕ ФОНДЫ,6521. Отчисления во внебюджетный Пенсионный фонд,Да,System
700260,6522,Отчисления в профсоюз,Пассивный,Все валюты,Активный,Да,29.05.2024 19:41:03,29.05.2024 19:41:03,System,Нет,6500. СЧЕТА УЧЕТА ЗАДОЛЖЕННОСТИ ПО СТРАХОВАНИЮ И ПО ПЛАТЕЖАМ В ГОСУДАРСТВЕННЫЕ ЦЕЛЕВЫЕ ФОНДЫ,6522. Отчисления в профсоюз,Да,System
700261,6523,Отчисления в фонд Камолот,Пассивный,Все валюты,Активный,Да,29.05.2024 19:41:03,29.05.2024 19:41:03,System,Нет,6500. СЧЕТА УЧЕТА ЗАДОЛЖЕННОСТИ ПО СТРАХОВАНИЮ И ПО ПЛАТЕЖАМ В ГОСУДАРСТВЕННЫЕ ЦЕЛЕВЫЕ ФОНДЫ,6523. Отчисления в фонд Камолот,Да,System
700262,6524,Единый социальный платеж,Пассивный,Все валюты,Активный,Да,29.05.2024 19:41:03,29.05.2024 19:41:03,System,Нет,6500. СЧЕТА УЧЕТА ЗАДОЛЖЕННОСТИ ПО СТРАХОВАНИЮ И ПО ПЛАТЕЖАМ В ГОСУДАРСТВЕННЫЕ ЦЕЛЕВЫЕ ФОНДЫ,6524. Единый социальный платеж,Да,System
700263,6525,Платежи в Пенсионный фонд,Пассивный,Все валюты,Активный,Да,29.05.2024 19:41:03,29.05.2024 19:41:03,System,Нет,6500. СЧЕТА УЧЕТА ЗАДОЛЖЕННОСТИ ПО СТРАХОВАНИЮ И ПО ПЛАТЕЖАМ В ГОСУДАРСТВЕННЫЕ ЦЕЛЕВЫЕ ФОНДЫ,6525. Платежи в Пенсионный фонд,Да,System
700264,6526,Отчисления в дорожный фонд,Пассивный,Все валюты,Активный,Да,29.05.2024 19:41:03,29.05.2024 19:41:03,System,Нет,6500. СЧЕТА УЧЕТА ЗАДОЛЖЕННОСТИ ПО СТРАХОВАНИЮ И ПО ПЛАТЕЖАМ В ГОСУДАРСТВЕННЫЕ ЦЕЛЕВЫЕ ФОНДЫ,6526. Отчисления в дорожный фонд,Да,System
700265,6527,Отчисления на школьное образование,Пассивный,Все валюты,Активный,Да,29.05.2024 19:41:03,29.05.2024 19:41:03,System,Нет,6500. СЧЕТА УЧЕТА ЗАДОЛЖЕННОСТИ ПО СТРАХОВАНИЮ И ПО ПЛАТЕЖАМ В ГОСУДАРСТВЕННЫЕ ЦЕЛЕВЫЕ ФОНДЫ,6527. Отчисления на школьное образование,Да,System
700266,6530,Отчисления в ИНПС,Пассивный,Все валюты,Активный,Да,29.05.2024 19:41:03,29.05.2024 19:41:03,System,Нет,6500. СЧЕТА УЧЕТА ЗАДОЛЖЕННОСТИ ПО СТРАХОВАНИЮ И ПО ПЛАТЕЖАМ В ГОСУДАРСТВЕННЫЕ ЦЕЛЕВЫЕ ФОНДЫ,6530. Отчисления в ИНПС,Да,System
700267,6610,Дивиденды к оплате,Пассивный,Все валюты,Активный,Да,18.03.2025 11:52:27,29.05.2024 19:41:03,Юсупов Феурз,Нет,6600. СЧЕТА УЧЕТА ЗАДОЛЖЕННОСТИ УЧРЕДИТЕЛЯМ,6610. Дивиденды к оплате,Да,System
700268,6620,Задолженность выбывающим учредителям по их доле,Пассивный,Все валюты,Активный,Да,29.05.2024 19:41:03,29.05.2024 19:41:03,System,Нет,6600. СЧЕТА УЧЕТА ЗАДОЛЖЕННОСТИ УЧРЕДИТЕЛЯМ,6620. Задолженность выбывающим учредителям по их доле,Да,System
700269,6710,Расчеты с персоналом по оплате труда,Пассивный,Все валюты,Активный,Да,18.03.2025 11:51:49,29.05.2024 19:41:03,Юсупов Феурз,Нет,6700. СЧЕТА УЧЕТА РАСЧЕТОВ С ПЕРСОНАЛОМ ПО ОПЛАТЕ ТРУДА,6710. Расчеты с персоналом по оплате труда,Да,System
700270,6720,Депонированная заработная плата,Пассивный,Все валюты,Активный,Да,29.05.2024 19:41:03,29.05.2024 19:41:03,System,Нет,6700. СЧЕТА УЧЕТА РАСЧЕТОВ С ПЕРСОНАЛОМ ПО ОПЛАТЕ ТРУДА,6720. Депонированная заработная плата,Да,System
700271,6810,Краткосрочные банковские кредиты,Пассивный,Все валюты,Активный,Да,29.05.2024 19:41:03,29.05.2024 19:41:03,System,Нет,6800. СЧЕТА УЧЕТА КРАТКОСРОЧНЫХ КРЕДИТОВ И ЗАЙМОВ,6810. Краткосрочные банковские кредиты,Да,System
700272,6820,Краткосрочные займы,Пассивный,Все валюты,Активный,Да,29.05.2024 19:41:03,29.05.2024 19:41:03,System,Нет,6800. СЧЕТА УЧЕТА КРАТКОСРОЧНЫХ КРЕДИТОВ И ЗАЙМОВ,6820. Краткосрочные займы,Да,System
700273,6830,Облигации к оплате,Пассивный,Все валюты,Активный,Да,29.05.2024 19:41:03,29.05.2024 19:41:03,System,Нет,6800. СЧЕТА УЧЕТА КРАТКОСРОЧНЫХ КРЕДИТОВ И ЗАЙМОВ,6830. Облигации к оплате,Да,System
700274,6840,Векселя к оплате,Пассивный,Все валюты,Активный,Да,29.05.2024 19:41:03,29.05.2024 19:41:03,System,Нет,6800. СЧЕТА УЧЕТА КРАТКОСРОЧНЫХ КРЕДИТОВ И ЗАЙМОВ,6840. Векселя к оплате,Да,System
700275,6910,Краткосрочная аренда к оплате,Пассивный,Все валюты,Активный,Да,29.05.2024 19:41:03,29.05.2024 19:41:03,System,Нет,6900. СЧЕТА УЧЕТА ЗАДОЛЖЕННОСТИ РАЗНЫМ КРЕДИТОРАМ,6910. Краткосрочная аренда к оплате,Да,System
700276,6920,Начисленные проценты,Пассивный,Все валюты,Активный,Да,29.05.2024 19:41:03,29.05.2024 19:41:03,System,Нет,6900. СЧЕТА УЧЕТА ЗАДОЛЖЕННОСТИ РАЗНЫМ КРЕДИТОРАМ,6920. Начисленные проценты,Да,System
700277,6930,Задолженность по роялти,Пассивный,Все валюты,Активный,Да,29.05.2024 19:41:03,29.05.2024 19:41:03,System,Нет,6900. СЧЕТА УЧЕТА ЗАДОЛЖЕННОСТИ РАЗНЫМ КРЕДИТОРАМ,6930. Задолженность по роялти,Да,System
700278,6940,Задолженность по гарантиям,Пассивный,Все валюты,Активный,Да,29.05.2024 19:41:03,29.05.2024 19:41:03,System,Нет,6900. СЧЕТА УЧЕТА ЗАДОЛЖЕННОСТИ РАЗНЫМ КРЕДИТОРАМ,6940. Задолженность по гарантиям,Да,System
700279,6950,Долгосрочные обязательства - текущая часть,Пассивный,Все валюты,Активный,Да,29.05.2024 19:41:03,29.05.2024 19:41:03,System,Нет,6900. СЧЕТА УЧЕТА ЗАДОЛЖЕННОСТИ РАЗНЫМ КРЕДИТОРАМ,6950. Долгосрочные обязательства - текущая часть,Да,System
700280,6960,Счета к оплате по претензиям,Пассивный,Все валюты,Активный,Да,29.05.2024 19:41:03,29.05.2024 19:41:03,System,Нет,6900. СЧЕТА УЧЕТА ЗАДОЛЖЕННОСТИ РАЗНЫМ КРЕДИТОРАМ,6960. Счета к оплате по претензиям,Да,System
700281,6970,Задолженность подотчетным лицам,Пассивный,Все валюты,Активный,Да,29.05.2024 19:41:03,29.05.2024 19:41:03,System,Нет,6900. СЧЕТА УЧЕТА ЗАДОЛЖЕННОСТИ РАЗНЫМ КРЕДИТОРАМ,6970. Задолженность подотчетным лицам,Да,System
700282,6990,Прочие обязательства,Пассивный,Все валюты,Активный,Да,29.05.2024 19:41:03,29.05.2024 19:41:03,System,Нет,6900. СЧЕТА УЧЕТА ЗАДОЛЖЕННОСТИ РАЗНЫМ КРЕДИТОРАМ,6990. Прочие обязательства,Да,System
700283,6991,Расчеты с персоналом по оплате труда по пластиковой карточке,Пассивный,Все валюты,Активный,Да,29.05.2024 19:41:03,29.05.2024 19:41:03,System,Нет,6900. СЧЕТА УЧЕТА ЗАДОЛЖЕННОСТИ РАЗНЫМ КРЕДИТОРАМ,6991. Расчеты с персоналом по оплате труда по пластиковой карточке,Да,System
700284,7010,Счета к оплате поставщикам и подрядчикам,Пассивный,Все валюты,Активный,Да,29.05.2024 19:41:03,29.05.2024 19:41:03,System,Нет,7000. ДОЛГОСРОЧНЫЕ СЧЕТА К ОПЛАТЕ ПОСТАВЩИКАМ И ПОДРЯДЧИКАМ,7010. Счета к оплате поставщикам и подрядчикам,Да,System
700285,7020,Векселя выданные,Пассивный,Все валюты,Активный,Да,29.05.2024 19:41:03,29.05.2024 19:41:03,System,Нет,7000. ДОЛГОСРОЧНЫЕ СЧЕТА К ОПЛАТЕ ПОСТАВЩИКАМ И ПОДРЯДЧИКАМ,7020. Векселя выданные,Да,System
700286,7110,Долгосрочная задолженность обособленным подразделениям,Пассивный,Все валюты,Активный,Да,29.05.2024 19:41:03,29.05.2024 19:41:03,System,Нет,"7100. ДОЛГОСРОЧНАЯ ЗАДОЛЖЕННОСТЬ ОБОСОБЛЕННЫМ ПОДРАЗДЕЛЕНИЯМ, ДОЧЕРНИМ И ЗАВИСИМЫМ ХОЗЯЙСТВЕННЫМ ОБЩЕСТВАМ",7110. Долгосрочная задолженность обособленным подразделениям,Да,System
700287,7120,Долгосрочная задолженность дочерним и зависимым хозяйственным обществам,Пассивный,Все валюты,Активный,Да,29.05.2024 19:41:03,29.05.2024 19:41:03,System,Нет,"7100. ДОЛГОСРОЧНАЯ ЗАДОЛЖЕННОСТЬ ОБОСОБЛЕННЫМ ПОДРАЗДЕЛЕНИЯМ, ДОЧЕРНИМ И ЗАВИСИМЫМ ХОЗЯЙСТВЕННЫМ ОБЩЕСТВАМ",7120. Долгосрочная задолженность дочерним и зависимым хозяйственным обществам,Да,System
700288,7210,Долгосрочные отсроченные доходы в виде дисконта (скидки),Пассивный,Все валюты,Активный,Да,29.05.2024 19:41:03,29.05.2024 19:41:03,System,Нет,7200. СЧЕТА УЧЕТА ОТСРОЧЕННЫХ ДОЛГОСРОЧНЫХ ОБЯЗАТЕЛЬСТВ,7210. Долгосрочные отсроченные доходы в виде дисконта (скидки),Да,System
700289,7220,Долгосрочные отсроченные доходы в виде премии (надбавки),Пассивный,Все валюты,Активный,Да,29.05.2024 19:41:03,29.05.2024 19:41:03,System,Нет,7200. СЧЕТА УЧЕТА ОТСРОЧЕННЫХ ДОЛГОСРОЧНЫХ ОБЯЗАТЕЛЬСТВ,7220. Долгосрочные отсроченные доходы в виде премии (надбавки),Да,System
700290,7230,Прочие долгосрочные отсроченные доходы,Пассивный,Все валюты,Активный,Да,29.05.2024 19:41:03,29.05.2024 19:41:03,System,Нет,7200. СЧЕТА УЧЕТА ОТСРОЧЕННЫХ ДОЛГОСРОЧНЫХ ОБЯЗАТЕЛЬСТВ,7230. Прочие долгосрочные отсроченные доходы,Да,System
700291,7240,Долгосрочные отсроченные обязательства по налогам и обязательным платежам,Пассивный,Все валюты,Активный,Да,29.05.2024 19:41:03,29.05.2024 19:41:03,System,Нет,7200. СЧЕТА УЧЕТА ОТСРОЧЕННЫХ ДОЛГОСРОЧНЫХ ОБЯЗАТЕЛЬСТВ,7240. Долгосрочные отсроченные обязательства по налогам и обязательным платежам,Да,System
700292,7250,Долгосрочные обязательства по отсроченному налогу на доход (прибыль) по временным разницам,Пассивный,Все валюты,Активный,Да,29.05.2024 19:41:03,29.05.2024 19:41:03,System,Нет,7200. СЧЕТА УЧЕТА ОТСРОЧЕННЫХ ДОЛГОСРОЧНЫХ ОБЯЗАТЕЛЬСТВ,7250. Долгосрочные обязательства по отсроченному налогу на доход (прибыль) по временным разницам,Да,System
700293,7290,Прочие долгосрочные отсроченные обязательства,Пассивный,Все валюты,Активный,Да,29.05.2024 19:41:03,29.05.2024 19:41:03,System,Нет,7200. СЧЕТА УЧЕТА ОТСРОЧЕННЫХ ДОЛГОСРОЧНЫХ ОБЯЗАТЕЛЬСТВ,7290. Прочие долгосрочные отсроченные обязательства,Да,System
700294,7310,"Авансы, полученные от покупателей и заказчиков",Пассивный,Все валюты,Активный,Да,29.05.2024 19:41:03,29.05.2024 19:41:03,System,Нет,"7300. СЧЕТА УЧЕТА АВАНСОВ, ПОЛУЧЕННЫХ ОТ ПОКУПАТЕЛЕЙ И ЗАКАЗЧИКОВ","7310. Авансы, полученные от покупателей и заказчиков",Да,System
700295,7810,Долгосрочные банковские кредиты,Пассивный,Все валюты,Активный,Да,29.05.2024 19:41:03,29.05.2024 19:41:03,System,Нет,7800. СЧЕТА УЧЕТА ДОЛГОСРОЧНЫХ КРЕДИТОВ И ЗАЙМОВ,7810. Долгосрочные банковские кредиты,Да,System
700296,7820,Долгосрочные займы,Пассивный,Все валюты,Активный,Да,29.05.2024 19:41:03,29.05.2024 19:41:03,System,Нет,7800. СЧЕТА УЧЕТА ДОЛГОСРОЧНЫХ КРЕДИТОВ И ЗАЙМОВ,7820. Долгосрочные займы,Да,System
700297,7830,Облигации к оплате,Пассивный,Все валюты,Активный,Да,29.05.2024 19:41:03,29.05.2024 19:41:03,System,Нет,7800. СЧЕТА УЧЕТА ДОЛГОСРОЧНЫХ КРЕДИТОВ И ЗАЙМОВ,7830. Облигации к оплате,Да,System
700298,7840,Векселя к оплате,Пассивный,Все валюты,Активный,Да,29.05.2024 19:41:03,29.05.2024 19:41:03,System,Нет,7800. СЧЕТА УЧЕТА ДОЛГОСРОЧНЫХ КРЕДИТОВ И ЗАЙМОВ,7840. Векселя к оплате,Да,System
700299,7910,Долгосрочная аренда к оплате,Пассивный,Все валюты,Активный,Да,29.05.2024 19:41:03,29.05.2024 19:41:03,System,Нет,7900. СЧЕТА УЧЕТА ДОЛГОСРОЧНОЙ ЗАДОЛЖЕННОСТИ РАЗНЫМ КРЕДИТОРАМ,7910. Долгосрочная аренда к оплате,Да,System
700300,7920,Прочие долгосрочные отсроченные обязательства,Пассивный,Все валюты,Активный,Да,29.05.2024 19:41:03,29.05.2024 19:41:03,System,Нет,7900. СЧЕТА УЧЕТА ДОЛГОСРОЧНОЙ ЗАДОЛЖЕННОСТИ РАЗНЫМ КРЕДИТОРАМ,7920. Прочие долгосрочные отсроченные обязательства,Да,System
700301,8310,Простые акции,Пассивный,Все валюты,Активный,Да,29.05.2024 19:41:03,29.05.2024 19:41:03,System,Нет,8300. СЧЕТА УЧЕТА УСТАВНОГО КАПИТАЛА,8310. Простые акции,Да,System
700302,8320,Привилегированные акции,Пассивный,Все валюты,Активный,Да,29.05.2024 19:41:03,29.05.2024 19:41:03,System,Нет,8300. СЧЕТА УЧЕТА УСТАВНОГО КАПИТАЛА,8320. Привилегированные акции,Да,System
700303,8330,Паи и вклады,Пассивный,Все валюты,Активный,Да,29.05.2024 19:41:03,29.05.2024 19:41:03,System,Нет,8300. СЧЕТА УЧЕТА УСТАВНОГО КАПИТАЛА,8330. Паи и вклады,Да,System
700304,8410,Эмиссионный доход,Пассивный,Все валюты,Активный,Да,29.05.2024 19:41:03,29.05.2024 19:41:03,System,Нет,8400. СЧЕТА УЧЕТА ДОБАВЛЕННОГО КАПИТАЛА,8410. Эмиссионный доход,Да,System
700305,8420,Курсовая разница при формировании уставного капитала,Пассивный,Все валюты,Активный,Да,29.05.2024 19:41:03,29.05.2024 19:41:03,System,Нет,8400. СЧЕТА УЧЕТА ДОБАВЛЕННОГО КАПИТАЛА,8420. Курсовая разница при формировании уставного капитала,Да,System
700306,8510,Корректировки по переоценке основных средств,Пассивный,Все валюты,Активный,Да,29.05.2024 19:41:03,29.05.2024 19:41:03,System,Нет,8500. СЧЕТА УЧЕТА РЕЗЕРВНОГО КАПИТАЛА,8510. Корректировки по переоценке основных средств,Да,System
700307,8511,Корректировки по переоценке нематериальных активов,Пассивный,Все валюты,Активный,Да,29.05.2024 19:41:03,29.05.2024 19:41:03,System,Нет,8500. СЧЕТА УЧЕТА РЕЗЕРВНОГО КАПИТАЛА,8511. Корректировки по переоценке нематериальных активов,Да,System
700308,8520,Резервный капитал,Пассивный,Все валюты,Активный,Да,29.05.2024 19:41:03,29.05.2024 19:41:03,System,Нет,8500. СЧЕТА УЧЕТА РЕЗЕРВНОГО КАПИТАЛА,8520. Резервный капитал,Да,System
700309,8530,Безвозмездно полученное имущество,Пассивный,Все валюты,Активный,Да,29.05.2024 19:41:03,29.05.2024 19:41:03,System,Нет,8500. СЧЕТА УЧЕТА РЕЗЕРВНОГО КАПИТАЛА,8530. Безвозмездно полученное имущество,Да,System
700310,8610,Выкупленные собственные акции - простые,Контр-активный,Все валюты,Активный,Да,29.05.2024 19:41:03,29.05.2024 19:41:03,System,Нет,8600. СЧЕТА УЧЕТА ВЫКУПЛЕННЫХ СОБСТВЕННЫХ АКЦИЙ,8610. Выкупленные собственные акции - простые,Да,System
700311,8620,Выкупленные собственные акции - привилегированные,Контр-активный,Все валюты,Активный,Да,29.05.2024 19:41:03,29.05.2024 19:41:03,System,Нет,8600. СЧЕТА УЧЕТА ВЫКУПЛЕННЫХ СОБСТВЕННЫХ АКЦИЙ,8620. Выкупленные собственные акции - привилегированные,Да,System
700312,8710,Нераспределенная прибыль (непокрытый убыток) отчетного периода,Пассивный,Все валюты,Активный,Да,05.12.2024 17:33:58,29.05.2024 19:41:03,Юсупов Феурз,Нет,8700. СЧЕТА УЧЕТА НЕРАСПРЕДЕЛЕННОЙ ПРИБЫЛИ (НЕПОКРЫТОГО УБЫТКА),8710. Нераспределенная прибыль (непокрытый убыток) отчетного периода,Да,System
700313,8720,Накопленная прибыль (непокрытый убыток),Пассивный,Все валюты,Активный,Да,29.05.2024 19:41:03,29.05.2024 19:41:03,System,Нет,8700. СЧЕТА УЧЕТА НЕРАСПРЕДЕЛЕННОЙ ПРИБЫЛИ (НЕПОКРЫТОГО УБЫТКА),8720. Накопленная прибыль (непокрытый убыток),Да,System
700314,8810,Гранты,Пассивный,Все валюты,Активный,Да,29.05.2024 19:41:03,29.05.2024 19:41:03,System,Нет,8800. СЧЕТА УЧЕТА ЦЕЛЕВЫХ ПОСТУПЛЕНИЙ,8810. Гранты,Да,System
700315,8820,Субсидии,Пассивный,Все валюты,Активный,Да,29.05.2024 19:41:03,29.05.2024 19:41:03,System,Нет,8800. СЧЕТА УЧЕТА ЦЕЛЕВЫХ ПОСТУПЛЕНИЙ,8820. Субсидии,Да,System
700316,8830,Членские взносы,Пассивный,Все валюты,Активный,Да,29.05.2024 19:41:03,29.05.2024 19:41:03,System,Нет,8800. СЧЕТА УЧЕТА ЦЕЛЕВЫХ ПОСТУПЛЕНИЙ,8830. Членские взносы,Да,System
700317,8840,Налоговые льготы с целевым использованием,Пассивный,Все валюты,Активный,Да,29.05.2024 19:41:03,29.05.2024 19:41:03,System,Нет,8800. СЧЕТА УЧЕТА ЦЕЛЕВЫХ ПОСТУПЛЕНИЙ,8840. Налоговые льготы с целевым использованием,Да,System
700318,8890,Прочие целевые поступления,Пассивный,Все валюты,Активный,Да,29.05.2024 19:41:03,29.05.2024 19:41:03,System,Нет,8800. СЧЕТА УЧЕТА ЦЕЛЕВЫХ ПОСТУПЛЕНИЙ,8890. Прочие целевые поступления,Да,System
700319,8910,Резервы предстоящих расходов и платежей,Пассивный,Все валюты,Активный,Да,29.05.2024 19:41:03,29.05.2024 19:41:03,System,Нет,8900. СЧЕТА УЧЕТА РЕЗЕРВОВ ПРЕДСТОЯЩИХ РАСХОДОВ И ПЛАТЕЖЕЙ,8910. Резервы предстоящих расходов и платежей,Да,System
700320,9010,Доходы от реализации готовой продукции,Транзитный,Только в базовой валюте,Активный,Да,29.05.2024 19:41:03,29.05.2024 19:41:03,System,Нет,9000. СЧЕТА УЧЕТА ДОХОДОВ ОТ ОСНОВНОЙ (ОПЕРАЦИОННОЙ) ДЕЯТЕЛЬНОСТИ,9010. Доходы от реализации готовой продукции,Да,System
700321,9020,Доходы от реализации товаров,Транзитный,Только в базовой валюте,Активный,Да,29.05.2024 19:41:03,29.05.2024 19:41:03,System,Нет,9000. СЧЕТА УЧЕТА ДОХОДОВ ОТ ОСНОВНОЙ (ОПЕРАЦИОННОЙ) ДЕЯТЕЛЬНОСТИ,9020. Доходы от реализации товаров,Да,System
700322,9021,Доходы от реализации розничных товаров,Транзитный,Только в базовой валюте,Активный,Да,29.05.2024 19:41:03,29.05.2024 19:41:03,System,Нет,9000. СЧЕТА УЧЕТА ДОХОДОВ ОТ ОСНОВНОЙ (ОПЕРАЦИОННОЙ) ДЕЯТЕЛЬНОСТИ,9021. Доходы от реализации розничных товаров,Да,System
700323,9030,Доходы от выполнения работ и оказания услуг,Транзитный,Только в базовой валюте,Активный,Да,29.05.2024 19:41:03,29.05.2024 19:41:03,System,Да,9000. СЧЕТА УЧЕТА ДОХОДОВ ОТ ОСНОВНОЙ (ОПЕРАЦИОННОЙ) ДЕЯТЕЛЬНОСТИ,9030. Доходы от выполнения работ и оказания услуг,Да,System
700324,9040,Возврат проданных товаров,Транзитный,Все валюты,Активный,Да,29.05.2024 19:41:03,29.05.2024 19:41:03,System,Нет,9000. СЧЕТА УЧЕТА ДОХОДОВ ОТ ОСНОВНОЙ (ОПЕРАЦИОННОЙ) ДЕЯТЕЛЬНОСТИ,9040. Возврат проданных товаров,Да,System
700325,9050,"Скидки, предоставленные покупателям и заказчикам",Транзитный,Все валюты,Активный,Да,05.12.2024 17:34:03,29.05.2024 19:41:03,Юсупов Феурз,Нет,9000. СЧЕТА УЧЕТА ДОХОДОВ ОТ ОСНОВНОЙ (ОПЕРАЦИОННОЙ) ДЕЯТЕЛЬНОСТИ,"9050. Скидки, предоставленные покупателям и заказчикам",Да,System
700380,9060,Доходы от наценки прибавленной к цене товаров,Транзитный,Только в базовой валюте,Активный,Да,05.12.2024 17:34:08,29.05.2024 19:41:03,Юсупов Феурз,Нет,9000. СЧЕТА УЧЕТА ДОХОДОВ ОТ ОСНОВНОЙ (ОПЕРАЦИОННОЙ) ДЕЯТЕЛЬНОСТИ,9060. Доходы от наценки прибавленной к цене товаров,Да,System
700384,9070,Накопительная карта,Транзитный,Все валюты,Активный,Да,05.12.2024 17:34:18,29.05.2024 19:41:03,Юсупов Феурз,Нет,9000. СЧЕТА УЧЕТА ДОХОДОВ ОТ ОСНОВНОЙ (ОПЕРАЦИОННОЙ) ДЕЯТЕЛЬНОСТИ,9070. Накопительная карта,Да,System
700326,9110,Себестоимость реализованной готовой продукции,Транзитный,Только в базовой валюте,Активный,Да,29.05.2024 19:41:03,29.05.2024 19:41:03,System,Нет,"9100. СЧЕТА УЧЕТА СЕБЕСТОИМОСТИ РЕАЛИЗОВАННОЙ ПРОДУКЦИИ (ТОВАРОВ, РАБОТ, УСЛУГ)",9110. Себестоимость реализованной готовой продукции,Да,System
700327,9120,Себестоимость реализованных товаров,Транзитный,Только в базовой валюте,Активный,Да,29.05.2024 19:41:03,29.05.2024 19:41:03,System,Нет,"9100. СЧЕТА УЧЕТА СЕБЕСТОИМОСТИ РЕАЛИЗОВАННОЙ ПРОДУКЦИИ (ТОВАРОВ, РАБОТ, УСЛУГ)",9120. Себестоимость реализованных товаров,Да,System
700328,9121,Себестоимость реализованных товаров в розницу,Транзитный,Только в базовой валюте,Активный,Да,29.05.2024 19:41:03,29.05.2024 19:41:03,System,Нет,"9100. СЧЕТА УЧЕТА СЕБЕСТОИМОСТИ РЕАЛИЗОВАННОЙ ПРОДУКЦИИ (ТОВАРОВ, РАБОТ, УСЛУГ)",9121. Себестоимость реализованных товаров в розницу,Да,System
700329,9130,Себестоимость выполненных работ и оказанных услуг,Транзитный,Только в базовой валюте,Активный,Да,29.05.2024 19:41:03,29.05.2024 19:41:03,System,Нет,"9100. СЧЕТА УЧЕТА СЕБЕСТОИМОСТИ РЕАЛИЗОВАННОЙ ПРОДУКЦИИ (ТОВАРОВ, РАБОТ, УСЛУГ)",9130. Себестоимость выполненных работ и оказанных услуг,Да,System
700330,9140,Приобретение/покупка ТМЗ при периодическом учете,Транзитный,Только в базовой валюте,Активный,Да,29.05.2024 19:41:03,29.05.2024 19:41:03,System,Нет,"9100. СЧЕТА УЧЕТА СЕБЕСТОИМОСТИ РЕАЛИЗОВАННОЙ ПРОДУКЦИИ (ТОВАРОВ, РАБОТ, УСЛУГ)",9140. Приобретение/покупка ТМЗ при периодическом учете,Да,System
700331,9150,Корректировки по ТМЗ при периодическом учете,Транзитный,Только в базовой валюте,Активный,Да,29.05.2024 19:41:03,29.05.2024 19:41:03,System,Нет,"9100. СЧЕТА УЧЕТА СЕБЕСТОИМОСТИ РЕАЛИЗОВАННОЙ ПРОДУКЦИИ (ТОВАРОВ, РАБОТ, УСЛУГ)",9150. Корректировки по ТМЗ при периодическом учете,Да,System
700382,9160,Расходы от списание ТМЦ,Транзитный,Только в базовой валюте,Активный,Да,05.12.2024 17:34:26,29.05.2024 19:41:03,Юсупов Феурз,Нет,9300. СЧЕТА УЧЕТА ПРОЧИХ ДОХОДОВ ОТ ОСНОВНОЙ ДЕЯТЕЛЬНОСТИ,9160. Расходы от списание ТМЦ,Да,System
700387,9170,Скидки полученные от поставщиков,Пассивный,Все валюты,Активный,Да,29.05.2024 19:41:03,29.05.2024 19:41:03,System,Нет,"9100. СЧЕТА УЧЕТА СЕБЕСТОИМОСТИ РЕАЛИЗОВАННОЙ ПРОДУКЦИИ (ТОВАРОВ, РАБОТ, УСЛУГ)",9170. Скидки полученные от поставщиков,Да,System
700388,9180,Наценка полученные от поставщиков,Контр - пассивный,Все валюты,Активный,Да,29.05.2024 19:41:03,29.05.2024 19:41:03,System,Нет,"9100. СЧЕТА УЧЕТА СЕБЕСТОИМОСТИ РЕАЛИЗОВАННОЙ ПРОДУКЦИИ (ТОВАРОВ, РАБОТ, УСЛУГ)",9180. Наценка полученные от поставщиков,Да,System
700332,9210,Выбытие основных средств,Транзитный,Только в базовой валюте,Активный,Да,29.05.2024 19:41:03,29.05.2024 19:41:03,System,Нет,9200. СЧЕТА УЧЕТА ВЫБЫТИЯ ОСНОВНЫХ СРЕДСТВ И ДРУГИХ АКТИВОВ,9210. Выбытие основных средств,Да,System
700333,9220,Выбытие прочих активов,Транзитный,Только в базовой валюте,Активный,Да,29.05.2024 19:41:03,29.05.2024 19:41:03,System,Нет,9200. СЧЕТА УЧЕТА ВЫБЫТИЯ ОСНОВНЫХ СРЕДСТВ И ДРУГИХ АКТИВОВ,9220. Выбытие прочих активов,Да,System
700334,9310,Прибыль от выбытия основных средств,Транзитный,Только в базовой валюте,Активный,Да,29.05.2024 19:41:03,29.05.2024 19:41:03,System,Нет,9300. СЧЕТА УЧЕТА ПРОЧИХ ДОХОДОВ ОТ ОСНОВНОЙ ДЕЯТЕЛЬНОСТИ,9310. Прибыль от выбытия основных средств,Да,System
700335,9320,Прибыль от выбытия прочих активов,Транзитный,Только в базовой валюте,Активный,Да,29.05.2024 19:41:03,29.05.2024 19:41:03,System,Нет,9300. СЧЕТА УЧЕТА ПРОЧИХ ДОХОДОВ ОТ ОСНОВНОЙ ДЕЯТЕЛЬНОСТИ,9320. Прибыль от выбытия прочих активов,Да,System
700336,9330,"Взысканные пени, штрафы, неустойки",Транзитный,Только в базовой валюте,Активный,Да,29.05.2024 19:41:03,29.05.2024 19:41:03,System,Нет,9300. СЧЕТА УЧЕТА ПРОЧИХ ДОХОДОВ ОТ ОСНОВНОЙ ДЕЯТЕЛЬНОСТИ,"9330. Взысканные пени, штрафы, неустойки",Да,System
700337,9340,Прибыли прошлых лет,Транзитный,Только в базовой валюте,Активный,Да,29.05.2024 19:41:03,29.05.2024 19:41:03,System,Нет,9300. СЧЕТА УЧЕТА ПРОЧИХ ДОХОДОВ ОТ ОСНОВНОЙ ДЕЯТЕЛЬНОСТИ,9340. Прибыли прошлых лет,Да,System
700338,9350,Доходы от краткосрочной аренды,Транзитный,Только в базовой валюте,Активный,Да,29.05.2024 19:41:03,29.05.2024 19:41:03,System,Нет,9300. СЧЕТА УЧЕТА ПРОЧИХ ДОХОДОВ ОТ ОСНОВНОЙ ДЕЯТЕЛЬНОСТИ,9350. Доходы от краткосрочной аренды,Да,System
700339,9360,Доходы от списания кредиторской и депонентской задолженности,Транзитный,Только в базовой валюте,Активный,Да,29.05.2024 19:41:03,29.05.2024 19:41:03,System,Нет,9300. СЧЕТА УЧЕТА ПРОЧИХ ДОХОДОВ ОТ ОСНОВНОЙ ДЕЯТЕЛЬНОСТИ,9360. Доходы от списания кредиторской и депонентской задолженности,Да,System
700340,9370,Доходы обслуживающих хозяйств,Транзитный,Только в базовой валюте,Активный,Да,29.05.2024 19:41:03,29.05.2024 19:41:03,System,Нет,9300. СЧЕТА УЧЕТА ПРОЧИХ ДОХОДОВ ОТ ОСНОВНОЙ ДЕЯТЕЛЬНОСТИ,9370. Доходы обслуживающих хозяйств,Да,System
700342,9390,Прочие операционные доходы,Транзитный,Только в базовой валюте,Активный,Да,29.05.2024 19:41:03,29.05.2024 19:41:03,System,Нет,9300. СЧЕТА УЧЕТА ПРОЧИХ ДОХОДОВ ОТ ОСНОВНОЙ ДЕЯТЕЛЬНОСТИ,9390. Прочие операционные доходы,Да,System
700343,9410,Расходы по реализации,Транзитный,Только в базовой валюте,Активный,Да,26.11.2024 10:56:01,29.05.2024 19:41:03,Юсупов Феурз,Нет,9400. СЧЕТА УЧЕТА РАСХОДОВ ПЕРИОДА,9410. Расходы по реализации,Да,System
700344,9420,Административные расходы,Транзитный,Только в базовой валюте,Активный,Да,18.03.2025 11:51:59,29.05.2024 19:41:03,Юсупов Феурз,Нет,9400. СЧЕТА УЧЕТА РАСХОДОВ ПЕРИОДА,9420. Административные расходы,Да,System
700345,9430,Прочие операционные расходы,Транзитный,Только в базовой валюте,Активный,Да,18.03.2025 13:00:55,29.05.2024 19:41:03,Юсупов Феурз,Нет,9400. СЧЕТА УЧЕТА РАСХОДОВ ПЕРИОДА,9430. Прочие операционные расходы,Да,System
700381,9431,Прочие операционные расходы/доходы от арифметических ошибок,Транзитный,Только в базовой валюте,Активный,Да,05.12.2024 17:34:31,29.05.2024 19:41:03,Юсупов Феурз,Нет,9400. СЧЕТА УЧЕТА РАСХОДОВ ПЕРИОДА,9431. Прочие операционные расходы/доходы от арифметических ошибок,Да,System
700346,9440,"Расходы отчетного периода, исключаемые из налогооблагаемой базы в будущем",Транзитный,Только в базовой валюте,Активный,Да,29.05.2024 19:41:03,29.05.2024 19:41:03,System,Нет,9400. СЧЕТА УЧЕТА РАСХОДОВ ПЕРИОДА,"9440. Расходы отчетного периода, исключаемые из налогооблагаемой базы в будущем",Да,System
700389,9450,"Расходы отчетного периода, прочие возвраты",Транзитный,Только в базовой валюте,Активный,Да,29.05.2024 19:41:03,29.05.2024 19:41:03,System,Нет,9400. СЧЕТА УЧЕТА РАСХОДОВ ПЕРИОДА,"9450. Расходы отчетного периода, прочие возвраты",Да,System
700347,9510,Доходы в виде роялти,Транзитный,Только в базовой валюте,Активный,Да,29.05.2024 19:41:03,29.05.2024 19:41:03,System,Нет,9500. СЧЕТА УЧЕТА ДОХОДОВ ОТ ФИНАНСОВОЙ ДЕЯТЕЛЬНОСТИ,9510. Доходы в виде роялти,Да,System
700348,9520,Доходы в виде дивидендов,Транзитный,Только в базовой валюте,Активный,Да,29.05.2024 19:41:03,29.05.2024 19:41:03,System,Нет,9500. СЧЕТА УЧЕТА ДОХОДОВ ОТ ФИНАНСОВОЙ ДЕЯТЕЛЬНОСТИ,9520. Доходы в виде дивидендов,Да,System
700349,9530,Доходы в виде процентов,Транзитный,Только в базовой валюте,Активный,Да,29.05.2024 19:41:03,29.05.2024 19:41:03,System,Нет,9500. СЧЕТА УЧЕТА ДОХОДОВ ОТ ФИНАНСОВОЙ ДЕЯТЕЛЬНОСТИ,9530. Доходы в виде процентов,Да,System
700350,9540,Доходы от валютных курсовых разниц,Транзитный,Только в базовой валюте,Активный,Да,29.05.2024 19:41:03,29.05.2024 19:41:03,System,Нет,9500. СЧЕТА УЧЕТА ДОХОДОВ ОТ ФИНАНСОВОЙ ДЕЯТЕЛЬНОСТИ,9540. Доходы от валютных курсовых разниц,Да,System
700351,9550,Доходы от долгосрочной аренды,Транзитный,Только в базовой валюте,Активный,Да,29.05.2024 19:41:03,29.05.2024 19:41:03,System,Нет,9500. СЧЕТА УЧЕТА ДОХОДОВ ОТ ФИНАНСОВОЙ ДЕЯТЕЛЬНОСТИ,9550. Доходы от долгосрочной аренды,Да,System
700352,9560,Доходы от переоценки ценных бумаг,Транзитный,Только в базовой валюте,Активный,Да,29.05.2024 19:41:03,29.05.2024 19:41:03,System,Нет,9500. СЧЕТА УЧЕТА ДОХОДОВ ОТ ФИНАНСОВОЙ ДЕЯТЕЛЬНОСТИ,9560. Доходы от переоценки ценных бумаг,Да,System
700353,9590,Прочие доходы от финансовой деятельности,Транзитный,Только в базовой валюте,Активный,Да,29.05.2024 19:41:03,29.05.2024 19:41:03,System,Нет,9500. СЧЕТА УЧЕТА ДОХОДОВ ОТ ФИНАНСОВОЙ ДЕЯТЕЛЬНОСТИ,9590. Прочие доходы от финансовой деятельности,Да,System
700354,9610,Расходы в виде процентов,Транзитный,Только в базовой валюте,Активный,Да,29.05.2024 19:41:03,29.05.2024 19:41:03,System,Нет,9600. СЧЕТА УЧЕТА РАСХОДОВ ПО ФИНАНСОВОЙ ДЕЯТЕЛЬНОСТИ,9610. Расходы в виде процентов,Да,System
700355,9620,Убытки от валютных курсовых разниц,Транзитный,Только в базовой валюте,Активный,Да,29.05.2024 19:41:03,29.05.2024 19:41:03,System,Нет,9600. СЧЕТА УЧЕТА РАСХОДОВ ПО ФИНАНСОВОЙ ДЕЯТЕЛЬНОСТИ,9620. Убытки от валютных курсовых разниц,Да,System
700356,9630,Расходы по выпуску и распространению ценных бумаг,Транзитный,Только в базовой валюте,Активный,Да,29.05.2024 19:41:03,29.05.2024 19:41:03,System,Нет,9600. СЧЕТА УЧЕТА РАСХОДОВ ПО ФИНАНСОВОЙ ДЕЯТЕЛЬНОСТИ,9630. Расходы по выпуску и распространению ценных бумаг,Да,System
700357,9690,Прочие расходы по финансовой деятельности,Транзитный,Только в базовой валюте,Активный,Да,29.05.2024 19:41:03,29.05.2024 19:41:03,System,Нет,9600. СЧЕТА УЧЕТА РАСХОДОВ ПО ФИНАНСОВОЙ ДЕЯТЕЛЬНОСТИ,9690. Прочие расходы по финансовой деятельности,Да,System
700358,9710,Чрезвычайные прибыли,Транзитный,Только в базовой валюте,Активный,Да,29.05.2024 19:41:03,29.05.2024 19:41:03,System,Нет,9700. СЧЕТА УЧЕТА ЧРЕЗВЫЧАЙНЫХ ПРИБЫЛЕЙ (УБЫТКОВ),9710. Чрезвычайные прибыли,Да,System
700359,9720,Чрезвычайные убытки,Транзитный,Только в базовой валюте,Активный,Да,29.05.2024 19:41:03,29.05.2024 19:41:03,System,Нет,9700. СЧЕТА УЧЕТА ЧРЕЗВЫЧАЙНЫХ ПРИБЫЛЕЙ (УБЫТКОВ),9720. Чрезвычайные убытки,Да,System
700360,9810,Расходы по налогу на доходы (прибыль),Транзитный,Только в базовой валюте,Активный,Да,29.05.2024 19:41:03,29.05.2024 19:41:03,System,Нет,9800. СЧЕТА УЧЕТА ИСПОЛЬЗОВАНИЯ ПРИБЫЛИ ДЛЯ УПЛАТЫ НАЛОГОВ И СБОРОВ,9810. Расходы по налогу на доходы (прибыль),Да,System
700361,9820,Расходы по прочим налогам и сборам от прибыли,Транзитный,Только в базовой валюте,Активный,Да,29.05.2024 19:41:03,29.05.2024 19:41:03,System,Нет,9800. СЧЕТА УЧЕТА ИСПОЛЬЗОВАНИЯ ПРИБЫЛИ ДЛЯ УПЛАТЫ НАЛОГОВ И СБОРОВ,9820. Расходы по прочим налогам и сборам от прибыли,Да,System
700362,9910,Конечный финансовый результат,Транзитный,Только в базовой валюте,Активный,Да,29.05.2024 19:41:03,29.05.2024 19:41:03,System,Нет,9900. СЧЕТА УЧЕТА КОНЕЧНОГО ФИНАНСОВОГО РЕЗУЛЬТАТА,9910. Конечный финансовый результат,Да,System
700363,z001,"Основные средства, полученные по краткосрочной аренде",Транзитный,Только в базовой валюте,Активный,Нет,29.05.2024 19:41:03,29.05.2024 19:41:03,System,Нет,z000. Parent no balance,"z001. Основные средства, полученные по краткосрочной аренде",Да,System
700364,z002,"Товарно-материальные ценности, принятые на ответственное хранение",Транзитный,Только в базовой валюте,Активный,Нет,29.05.2024 19:41:03,29.05.2024 19:41:03,System,Нет,z000. Parent no balance,"z002. Товарно-материальные ценности, принятые на ответственное хранение",Да,System
700403,z00210,Прием оборудования для эксплуатации со стороны клиента (от владельца к дистрибьютору/от дистрибьютора к магазину),Активный,Только в базовой валюте,Активный,Нет,29.05.2024 19:41:03,29.05.2024 19:41:03,System,Да,z000. Parent no balance,z00210. Прием оборудования для эксплуатации со стороны клиента (от владельца к дистрибьютору/от дистрибьютора к магазину),Да,System
700404,z00211,"В пути к клиенту (в пути от владельца к клиенту, учет со стороны дистрибьютора)",Активный,Только в базовой валюте,Активный,Нет,29.05.2024 19:41:03,29.05.2024 19:41:03,System,Да,z000. Parent no balance,"z00211. В пути к  клиенту (в пути от владельца к клиенту, учет со стороны дистрибьютора)",Да,System
700405,z00212,Передача оборудования со стороны клиента другому клиенту (от дистрибьютора к магазину),Активный,Только в базовой валюте,Активный,Нет,29.05.2024 19:41:03,29.05.2024 19:41:03,System,Да,z000. Parent no balance,z00212. Передача оборудования со стороны клиента другому клиенту (от дистрибьютора к магазину),Да,System
700406,z00213,Счет учета сломанного оборудования у клиента,Активный,Только в базовой валюте,Активный,Нет,29.05.2024 19:41:03,29.05.2024 19:41:03,System,Да,z000. Parent no balance,z00213. Счет учета сломанного оборудования у клиента,Да,System
700407,z00214,На транзите между складами,Активный,Только в базовой валюте,Активный,Нет,29.05.2024 19:41:03,29.05.2024 19:41:03,System,Да,z000. Parent no balance,z00214. На транзите между складами,Да,System
700408,z00215,В пути к конечному потребителю (от дистрибьютора к клиенту),Активный,Только в базовой валюте,Активный,Нет,29.05.2024 19:41:03,29.05.2024 19:41:03,System,Да,z000. Parent no balance,z00215. В пути к конечному потребителю (от дистрибьютора к клиенту),Да,System
700365,z003,"Материалы, принятые в переработку",Транзитный,Только в базовой валюте,Активный,Нет,29.05.2024 19:41:03,29.05.2024 19:41:03,System,Нет,z000. Parent no balance,"z003. Материалы, принятые в переработку",Да,System
700366,z004,"Товары, принятые на комиссию",Транзитный,Только в базовой валюте,Активный,Нет,29.05.2024 19:41:03,29.05.2024 19:41:03,System,Нет,z000. Parent no balance,"z004. Товары, принятые на комиссию",Да,System
700367,z005,"Оборудование, принятое для монтажа",Транзитный,Только в базовой валюте,Активный,Нет,29.05.2024 19:41:03,29.05.2024 19:41:03,System,Нет,z000. Parent no balance,"z005. Оборудование, принятое для монтажа",Да,System
700368,z006,Бланки строгой отчетности,Транзитный,Только в базовой валюте,Активный,Нет,29.05.2024 19:41:03,29.05.2024 19:41:03,System,Нет,z000. Parent no balance,z006. Бланки строгой отчетности,Да,System
700369,z007,Списанная в убыток задолженность неплатежеспособных дебиторов,Транзитный,Только в базовой валюте,Активный,Нет,29.05.2024 19:41:03,29.05.2024 19:41:03,System,Нет,z000. Parent no balance,z007. Списанная в убыток задолженность неплатежеспособных дебиторов,Да,System
700370,z008,Обеспечения обязательств и платежей - полученные,Транзитный,Только в базовой валюте,Активный,Нет,29.05.2024 19:41:03,29.05.2024 19:41:03,System,Нет,z000. Parent no balance,z008. Обеспечения обязательств и платежей - полученные,Да,System
700371,z009,Обеспечения обязательств и платежей - выданные,Транзитный,Только в базовой валюте,Активный,Нет,29.05.2024 19:41:03,29.05.2024 19:41:03,System,Нет,z000. Parent no balance,z009. Обеспечения обязательств и платежей - выданные,Да,System
700372,z010,"Основные средства, сданные по договору долгосрочной аренды",Транзитный,Только в базовой валюте,Активный,Нет,29.05.2024 19:41:03,29.05.2024 19:41:03,System,Нет,z000. Parent no balance,"z010. Основные средства, сданные по договору долгосрочной аренды",Да,System
700373,z011,"Имущество, полученное по договору ссуды",Транзитный,Только в базовой валюте,Активный,Нет,29.05.2024 19:41:03,29.05.2024 19:41:03,System,Нет,z000. Parent no balance,"z011. Имущество, полученное по договору ссуды",Да,System
700374,z012,"Расходы, исключаемые из налогооблагаемой базы следующих периодов",Транзитный,Только в базовой валюте,Активный,Нет,29.05.2024 19:41:03,29.05.2024 19:41:03,System,Нет,z000. Parent no balance,"z012. Расходы, исключаемые из налогооблагаемой базы следующих периодов",Да,System
700375,z013,Временные налоговые льготы (по видам),Транзитный,Только в базовой валюте,Активный,Нет,29.05.2024 19:41:03,29.05.2024 19:41:03,System,Нет,z000. Parent no balance,z013. Временные налоговые льготы (по видам),Да,System
700376,z014,Инвентарь и хозяйственные принадлежности в эксплуатации,Транзитный,Только в базовой валюте,Активный,Нет,29.05.2024 19:41:03,29.05.2024 19:41:03,System,Нет,z000. Parent no balance,z014. Инвентарь и хозяйственные принадлежности в эксплуатации,Да,System
700377,z100,Учет экспортных операций,Транзитный,Только в базовой валюте,Активный,Нет,29.05.2024 19:41:03,29.05.2024 19:41:03,System,Нет,z000. Parent no balance,z100. Учет экспортных операций,Да,System
